2025-11-12 10:43:47.179 -03:00 [ERR] An error occurred using the connection to database 'cuidemoslos_db' on server 'tcp://HOST:5432'.
2025-11-12 11:09:37.710 -03:00 [INF] Executed DbCommand (189ms) [Parameters=[], CommandType='"Text"', CommandTimeout='30']
SELECT "MigrationId", "ProductVersion"
FROM "__EFMigrationsHistory"
ORDER BY "MigrationId";
2025-11-12 11:09:39.749 -03:00 [INF] Executed DbCommand (181ms) [Parameters=[], CommandType='"Text"', CommandTimeout='30']
CREATE TABLE IF NOT EXISTS "__EFMigrationsHistory" (
    "MigrationId" character varying(150) NOT NULL,
    "ProductVersion" character varying(32) NOT NULL,
    CONSTRAINT "PK___EFMigrationsHistory" PRIMARY KEY ("MigrationId")
);
2025-11-12 11:09:39.759 -03:00 [INF] Acquiring an exclusive lock for migration application. See https://aka.ms/efcore-docs-migrations-lock for more information if this takes too long.
2025-11-12 11:09:39.933 -03:00 [INF] Executed DbCommand (172ms) [Parameters=[], CommandType='"Text"', CommandTimeout='30']
LOCK TABLE "__EFMigrationsHistory" IN ACCESS EXCLUSIVE MODE
2025-11-12 11:09:40.107 -03:00 [INF] Executed DbCommand (168ms) [Parameters=[], CommandType='"Text"', CommandTimeout='30']
SELECT "MigrationId", "ProductVersion"
FROM "__EFMigrationsHistory"
ORDER BY "MigrationId";
2025-11-12 11:09:40.121 -03:00 [INF] Applying migration '20251112134152_SyncModel'.
2025-11-12 11:09:40.333 -03:00 [INF] Executed DbCommand (200ms) [Parameters=[], CommandType='"Text"', CommandTimeout='30']
ALTER TABLE "AuditLogs" ALTER COLUMN "Data" DROP NOT NULL;
2025-11-12 11:09:40.538 -03:00 [INF] Executed DbCommand (202ms) [Parameters=[], CommandType='"Text"', CommandTimeout='30']
ALTER TABLE "AuditLogs" ADD "Category" text NOT NULL DEFAULT '';
2025-11-12 11:09:40.711 -03:00 [INF] Executed DbCommand (168ms) [Parameters=[], CommandType='"Text"', CommandTimeout='30']
ALTER TABLE "AuditLogs" ADD "UserName" text;
2025-11-12 11:09:40.947 -03:00 [INF] Executed DbCommand (231ms) [Parameters=[], CommandType='"Text"', CommandTimeout='30']
INSERT INTO "__EFMigrationsHistory" ("MigrationId", "ProductVersion")
VALUES ('20251112134152_SyncModel', '9.0.10');
2025-11-12 15:04:40.435 -03:00 [INF] Executed DbCommand (186ms) [Parameters=[], CommandType='"Text"', CommandTimeout='30']
SELECT "MigrationId", "ProductVersion"
FROM "__EFMigrationsHistory"
ORDER BY "MigrationId";
2025-11-12 15:04:42.061 -03:00 [INF] Executed DbCommand (176ms) [Parameters=[], CommandType='"Text"', CommandTimeout='30']
CREATE TABLE IF NOT EXISTS "__EFMigrationsHistory" (
    "MigrationId" character varying(150) NOT NULL,
    "ProductVersion" character varying(32) NOT NULL,
    CONSTRAINT "PK___EFMigrationsHistory" PRIMARY KEY ("MigrationId")
);
2025-11-12 15:04:42.076 -03:00 [INF] Acquiring an exclusive lock for migration application. See https://aka.ms/efcore-docs-migrations-lock for more information if this takes too long.
2025-11-12 15:04:42.247 -03:00 [INF] Executed DbCommand (170ms) [Parameters=[], CommandType='"Text"', CommandTimeout='30']
LOCK TABLE "__EFMigrationsHistory" IN ACCESS EXCLUSIVE MODE
2025-11-12 15:04:42.438 -03:00 [INF] Executed DbCommand (183ms) [Parameters=[], CommandType='"Text"', CommandTimeout='30']
SELECT "MigrationId", "ProductVersion"
FROM "__EFMigrationsHistory"
ORDER BY "MigrationId";
2025-11-12 15:04:42.443 -03:00 [INF] No migrations were applied. The database is already up to date.
2025-11-12 15:04:42.737 -03:00 [INF] User profile is available. Using 'C:\Users\Gian\AppData\Local\ASP.NET\DataProtection-Keys' as key repository and Windows DPAPI to encrypt keys at rest.
2025-11-12 15:04:43.005 -03:00 [INF] Now listening on: https://localhost:7173
2025-11-12 15:04:43.007 -03:00 [INF] Now listening on: http://localhost:5173
2025-11-12 15:04:43.067 -03:00 [INF] Application started. Press Ctrl+C to shut down.
2025-11-12 15:04:43.068 -03:00 [INF] Hosting environment: Development
2025-11-12 15:04:43.069 -03:00 [INF] Content root path: C:\Users\Gian\OneDrive - UNIVERSIDAD ABIERTA INTERAMERICANA\Desktop\Cuidemoslos\Cuidemoslos.Web
2025-11-12 15:04:44.083 -03:00 [INF] Request starting HTTP/2 GET https://localhost:7173/ - null null
2025-11-12 15:04:44.432 -03:00 [INF] Authorization failed. These requirements were not met:
DenyAnonymousAuthorizationRequirement: Requires an authenticated user.
2025-11-12 15:04:44.454 -03:00 [INF] AuthenticationScheme: Cookies was challenged.
2025-11-12 15:04:44.461 -03:00 [INF] Request finished HTTP/2 GET https://localhost:7173/ - 302 0 null 388.2421ms
2025-11-12 15:04:44.466 -03:00 [INF] Request starting HTTP/2 GET https://localhost:7173/Account/Login?ReturnUrl=%2F - null null
2025-11-12 15:04:44.477 -03:00 [INF] Authorization failed. These requirements were not met:
DenyAnonymousAuthorizationRequirement: Requires an authenticated user.
2025-11-12 15:04:44.482 -03:00 [INF] AuthenticationScheme: Cookies was challenged.
2025-11-12 15:04:44.483 -03:00 [INF] Request finished HTTP/2 GET https://localhost:7173/Account/Login?ReturnUrl=%2F - 302 0 null 17.7182ms
2025-11-12 15:04:44.489 -03:00 [INF] Request starting HTTP/2 GET https://localhost:7173/Account/Login?ReturnUrl=%2FAccount%2FLogin%3FReturnUrl%3D%252F - null null
2025-11-12 15:04:44.496 -03:00 [INF] Authorization failed. These requirements were not met:
DenyAnonymousAuthorizationRequirement: Requires an authenticated user.
2025-11-12 15:04:44.497 -03:00 [INF] AuthenticationScheme: Cookies was challenged.
2025-11-12 15:04:44.499 -03:00 [INF] Request finished HTTP/2 GET https://localhost:7173/Account/Login?ReturnUrl=%2FAccount%2FLogin%3FReturnUrl%3D%252F - 302 0 null 9.9644ms
2025-11-12 15:04:44.503 -03:00 [INF] Request starting HTTP/2 GET https://localhost:7173/Account/Login?ReturnUrl=%2FAccount%2FLogin%3FReturnUrl%3D%252FAccount%252FLogin%253FReturnUrl%253D%25252F - null null
2025-11-12 15:04:44.506 -03:00 [INF] Authorization failed. These requirements were not met:
DenyAnonymousAuthorizationRequirement: Requires an authenticated user.
2025-11-12 15:04:44.507 -03:00 [INF] AuthenticationScheme: Cookies was challenged.
2025-11-12 15:04:44.508 -03:00 [INF] Request finished HTTP/2 GET https://localhost:7173/Account/Login?ReturnUrl=%2FAccount%2FLogin%3FReturnUrl%3D%252FAccount%252FLogin%253FReturnUrl%253D%25252F - 302 0 null 5.1226ms
2025-11-12 15:04:44.511 -03:00 [INF] Request starting HTTP/2 GET https://localhost:7173/Account/Login?ReturnUrl=%2FAccount%2FLogin%3FReturnUrl%3D%252FAccount%252FLogin%253FReturnUrl%253D%25252FAccount%25252FLogin%25253FReturnUrl%25253D%2525252F - null null
2025-11-12 15:04:44.514 -03:00 [INF] Authorization failed. These requirements were not met:
DenyAnonymousAuthorizationRequirement: Requires an authenticated user.
2025-11-12 15:04:44.515 -03:00 [INF] AuthenticationScheme: Cookies was challenged.
2025-11-12 15:04:44.516 -03:00 [INF] Request finished HTTP/2 GET https://localhost:7173/Account/Login?ReturnUrl=%2FAccount%2FLogin%3FReturnUrl%3D%252FAccount%252FLogin%253FReturnUrl%253D%25252FAccount%25252FLogin%25253FReturnUrl%25253D%2525252F - 302 0 null 4.9991ms
2025-11-12 15:04:44.527 -03:00 [INF] Request starting HTTP/2 GET https://localhost:7173/Account/Login?ReturnUrl=%2FAccount%2FLogin%3FReturnUrl%3D%252FAccount%252FLogin%253FReturnUrl%253D%25252FAccount%25252FLogin%25253FReturnUrl%25253D%2525252FAccount%2525252FLogin%2525253FReturnUrl%2525253D%252525252F - null null
2025-11-12 15:04:44.530 -03:00 [INF] Authorization failed. These requirements were not met:
DenyAnonymousAuthorizationRequirement: Requires an authenticated user.
2025-11-12 15:04:44.530 -03:00 [INF] AuthenticationScheme: Cookies was challenged.
2025-11-12 15:04:44.531 -03:00 [INF] Request finished HTTP/2 GET https://localhost:7173/Account/Login?ReturnUrl=%2FAccount%2FLogin%3FReturnUrl%3D%252FAccount%252FLogin%253FReturnUrl%253D%25252FAccount%25252FLogin%25253FReturnUrl%25253D%2525252FAccount%2525252FLogin%2525253FReturnUrl%2525253D%252525252F - 302 0 null 4.0876ms
2025-11-12 15:04:44.536 -03:00 [INF] Request starting HTTP/2 GET https://localhost:7173/Account/Login?ReturnUrl=%2FAccount%2FLogin%3FReturnUrl%3D%252FAccount%252FLogin%253FReturnUrl%253D%25252FAccount%25252FLogin%25253FReturnUrl%25253D%2525252FAccount%2525252FLogin%2525253FReturnUrl%2525253D%252525252FAccount%252525252FLogin%252525253FReturnUrl%252525253D%25252525252F - null null
2025-11-12 15:04:44.538 -03:00 [INF] Authorization failed. These requirements were not met:
DenyAnonymousAuthorizationRequirement: Requires an authenticated user.
2025-11-12 15:04:44.539 -03:00 [INF] AuthenticationScheme: Cookies was challenged.
2025-11-12 15:04:44.540 -03:00 [INF] Request finished HTTP/2 GET https://localhost:7173/Account/Login?ReturnUrl=%2FAccount%2FLogin%3FReturnUrl%3D%252FAccount%252FLogin%253FReturnUrl%253D%25252FAccount%25252FLogin%25253FReturnUrl%25253D%2525252FAccount%2525252FLogin%2525253FReturnUrl%2525253D%252525252FAccount%252525252FLogin%252525253FReturnUrl%252525253D%25252525252F - 302 0 null 4.9634ms
2025-11-12 15:04:44.553 -03:00 [INF] Request starting HTTP/2 GET https://localhost:7173/Account/Login?ReturnUrl=%2FAccount%2FLogin%3FReturnUrl%3D%252FAccount%252FLogin%253FReturnUrl%253D%25252FAccount%25252FLogin%25253FReturnUrl%25253D%2525252FAccount%2525252FLogin%2525253FReturnUrl%2525253D%252525252FAccount%252525252FLogin%252525253FReturnUrl%252525253D%25252525252FAccount%25252525252FLogin%25252525253FReturnUrl%25252525253D%2525252525252F - null null
2025-11-12 15:04:44.557 -03:00 [INF] Authorization failed. These requirements were not met:
DenyAnonymousAuthorizationRequirement: Requires an authenticated user.
2025-11-12 15:04:44.559 -03:00 [INF] AuthenticationScheme: Cookies was challenged.
2025-11-12 15:04:44.560 -03:00 [INF] Request finished HTTP/2 GET https://localhost:7173/Account/Login?ReturnUrl=%2FAccount%2FLogin%3FReturnUrl%3D%252FAccount%252FLogin%253FReturnUrl%253D%25252FAccount%25252FLogin%25253FReturnUrl%25253D%2525252FAccount%2525252FLogin%2525253FReturnUrl%2525253D%252525252FAccount%252525252FLogin%252525253FReturnUrl%252525253D%25252525252FAccount%25252525252FLogin%25252525253FReturnUrl%25252525253D%2525252525252F - 302 0 null 7.0121ms
2025-11-12 15:04:44.639 -03:00 [INF] Request starting HTTP/2 GET https://localhost:7173/Account/Login?ReturnUrl=%2FAccount%2FLogin%3FReturnUrl%3D%252FAccount%252FLogin%253FReturnUrl%253D%25252FAccount%25252FLogin%25253FReturnUrl%25253D%2525252FAccount%2525252FLogin%2525253FReturnUrl%2525253D%252525252FAccount%252525252FLogin%252525253FReturnUrl%252525253D%25252525252FAccount%25252525252FLogin%25252525253FReturnUrl%25252525253D%2525252525252FAccount%2525252525252FLogin%2525252525253FReturnUrl%2525252525253D%252525252525252F - null null
2025-11-12 15:04:44.642 -03:00 [INF] Authorization failed. These requirements were not met:
DenyAnonymousAuthorizationRequirement: Requires an authenticated user.
2025-11-12 15:04:44.643 -03:00 [INF] AuthenticationScheme: Cookies was challenged.
2025-11-12 15:04:44.644 -03:00 [INF] Request finished HTTP/2 GET https://localhost:7173/Account/Login?ReturnUrl=%2FAccount%2FLogin%3FReturnUrl%3D%252FAccount%252FLogin%253FReturnUrl%253D%25252FAccount%25252FLogin%25253FReturnUrl%25253D%2525252FAccount%2525252FLogin%2525253FReturnUrl%2525253D%252525252FAccount%252525252FLogin%252525253FReturnUrl%252525253D%25252525252FAccount%25252525252FLogin%25252525253FReturnUrl%25252525253D%2525252525252FAccount%2525252525252FLogin%2525252525253FReturnUrl%2525252525253D%252525252525252F - 302 0 null 5.0078ms
2025-11-12 15:04:44.706 -03:00 [INF] Request starting HTTP/2 GET https://localhost:7173/Account/Login?ReturnUrl=%2FAccount%2FLogin%3FReturnUrl%3D%252FAccount%252FLogin%253FReturnUrl%253D%25252FAccount%25252FLogin%25253FReturnUrl%25253D%2525252FAccount%2525252FLogin%2525253FReturnUrl%2525253D%252525252FAccount%252525252FLogin%252525253FReturnUrl%252525253D%25252525252FAccount%25252525252FLogin%25252525253FReturnUrl%25252525253D%2525252525252FAccount%2525252525252FLogin%2525252525253FReturnUrl%2525252525253D%252525252525252FAccount%252525252525252FLogin%252525252525253FReturnUrl%252525252525253D%25252525252525252F - null null
2025-11-12 15:04:44.711 -03:00 [INF] Authorization failed. These requirements were not met:
DenyAnonymousAuthorizationRequirement: Requires an authenticated user.
2025-11-12 15:04:44.712 -03:00 [INF] AuthenticationScheme: Cookies was challenged.
2025-11-12 15:04:44.713 -03:00 [INF] Request finished HTTP/2 GET https://localhost:7173/Account/Login?ReturnUrl=%2FAccount%2FLogin%3FReturnUrl%3D%252FAccount%252FLogin%253FReturnUrl%253D%25252FAccount%25252FLogin%25253FReturnUrl%25253D%2525252FAccount%2525252FLogin%2525253FReturnUrl%2525253D%252525252FAccount%252525252FLogin%252525253FReturnUrl%252525253D%25252525252FAccount%25252525252FLogin%25252525253FReturnUrl%25252525253D%2525252525252FAccount%2525252525252FLogin%2525252525253FReturnUrl%2525252525253D%252525252525252FAccount%252525252525252FLogin%252525252525253FReturnUrl%252525252525253D%25252525252525252F - 302 0 null 6.5955ms
2025-11-12 15:04:44.892 -03:00 [INF] Request starting HTTP/2 GET https://localhost:7173/Account/Login?ReturnUrl=%2FAccount%2FLogin%3FReturnUrl%3D%252FAccount%252FLogin%253FReturnUrl%253D%25252FAccount%25252FLogin%25253FReturnUrl%25253D%2525252FAccount%2525252FLogin%2525253FReturnUrl%2525253D%252525252FAccount%252525252FLogin%252525253FReturnUrl%252525253D%25252525252FAccount%25252525252FLogin%25252525253FReturnUrl%25252525253D%2525252525252FAccount%2525252525252FLogin%2525252525253FReturnUrl%2525252525253D%252525252525252FAccount%252525252525252FLogin%252525252525253FReturnUrl%252525252525253D%25252525252525252FAccount%25252525252525252FLogin%25252525252525253FReturnUrl%25252525252525253D%2525252525252525252F - null null
2025-11-12 15:04:44.895 -03:00 [INF] Authorization failed. These requirements were not met:
DenyAnonymousAuthorizationRequirement: Requires an authenticated user.
2025-11-12 15:04:44.896 -03:00 [INF] AuthenticationScheme: Cookies was challenged.
2025-11-12 15:04:44.896 -03:00 [INF] Request finished HTTP/2 GET https://localhost:7173/Account/Login?ReturnUrl=%2FAccount%2FLogin%3FReturnUrl%3D%252FAccount%252FLogin%253FReturnUrl%253D%25252FAccount%25252FLogin%25253FReturnUrl%25253D%2525252FAccount%2525252FLogin%2525253FReturnUrl%2525253D%252525252FAccount%252525252FLogin%252525253FReturnUrl%252525253D%25252525252FAccount%25252525252FLogin%25252525253FReturnUrl%25252525253D%2525252525252FAccount%2525252525252FLogin%2525252525253FReturnUrl%2525252525253D%252525252525252FAccount%252525252525252FLogin%252525252525253FReturnUrl%252525252525253D%25252525252525252FAccount%25252525252525252FLogin%25252525252525253FReturnUrl%25252525252525253D%2525252525252525252F - 302 0 null 4.8835ms
2025-11-12 15:04:45.111 -03:00 [INF] Request starting HTTP/2 GET https://localhost:7173/Account/Login?ReturnUrl=%2FAccount%2FLogin%3FReturnUrl%3D%252FAccount%252FLogin%253FReturnUrl%253D%25252FAccount%25252FLogin%25253FReturnUrl%25253D%2525252FAccount%2525252FLogin%2525253FReturnUrl%2525253D%252525252FAccount%252525252FLogin%252525253FReturnUrl%252525253D%25252525252FAccount%25252525252FLogin%25252525253FReturnUrl%25252525253D%2525252525252FAccount%2525252525252FLogin%2525252525253FReturnUrl%2525252525253D%252525252525252FAccount%252525252525252FLogin%252525252525253FReturnUrl%252525252525253D%25252525252525252FAccount%25252525252525252FLogin%25252525252525253FReturnUrl%25252525252525253D%2525252525252525252FAccount%2525252525252525252FLogin%2525252525252525253FReturnUrl%2525252525252525253D%252525252525252525252F - null null
2025-11-12 15:04:45.116 -03:00 [INF] Authorization failed. These requirements were not met:
DenyAnonymousAuthorizationRequirement: Requires an authenticated user.
2025-11-12 15:04:45.117 -03:00 [INF] AuthenticationScheme: Cookies was challenged.
2025-11-12 15:04:45.118 -03:00 [INF] Request finished HTTP/2 GET https://localhost:7173/Account/Login?ReturnUrl=%2FAccount%2FLogin%3FReturnUrl%3D%252FAccount%252FLogin%253FReturnUrl%253D%25252FAccount%25252FLogin%25253FReturnUrl%25253D%2525252FAccount%2525252FLogin%2525253FReturnUrl%2525253D%252525252FAccount%252525252FLogin%252525253FReturnUrl%252525253D%25252525252FAccount%25252525252FLogin%25252525253FReturnUrl%25252525253D%2525252525252FAccount%2525252525252FLogin%2525252525253FReturnUrl%2525252525253D%252525252525252FAccount%252525252525252FLogin%252525252525253FReturnUrl%252525252525253D%25252525252525252FAccount%25252525252525252FLogin%25252525252525253FReturnUrl%25252525252525253D%2525252525252525252FAccount%2525252525252525252FLogin%2525252525252525253FReturnUrl%2525252525252525253D%252525252525252525252F - 302 0 null 6.4918ms
2025-11-12 15:04:45.359 -03:00 [INF] Request starting HTTP/2 GET https://localhost:7173/Account/Login?ReturnUrl=%2FAccount%2FLogin%3FReturnUrl%3D%252FAccount%252FLogin%253FReturnUrl%253D%25252FAccount%25252FLogin%25253FReturnUrl%25253D%2525252FAccount%2525252FLogin%2525253FReturnUrl%2525253D%252525252FAccount%252525252FLogin%252525253FReturnUrl%252525253D%25252525252FAccount%25252525252FLogin%25252525253FReturnUrl%25252525253D%2525252525252FAccount%2525252525252FLogin%2525252525253FReturnUrl%2525252525253D%252525252525252FAccount%252525252525252FLogin%252525252525253FReturnUrl%252525252525253D%25252525252525252FAccount%25252525252525252FLogin%25252525252525253FReturnUrl%25252525252525253D%2525252525252525252FAccount%2525252525252525252FLogin%2525252525252525253FReturnUrl%2525252525252525253D%252525252525252525252FAccount%252525252525252525252FLogin%252525252525252525253FReturnUrl%252525252525252525253D%25252525252525252525252F - null null
2025-11-12 15:04:45.362 -03:00 [INF] Authorization failed. These requirements were not met:
DenyAnonymousAuthorizationRequirement: Requires an authenticated user.
2025-11-12 15:04:45.364 -03:00 [INF] AuthenticationScheme: Cookies was challenged.
2025-11-12 15:04:45.365 -03:00 [INF] Request finished HTTP/2 GET https://localhost:7173/Account/Login?ReturnUrl=%2FAccount%2FLogin%3FReturnUrl%3D%252FAccount%252FLogin%253FReturnUrl%253D%25252FAccount%25252FLogin%25253FReturnUrl%25253D%2525252FAccount%2525252FLogin%2525253FReturnUrl%2525253D%252525252FAccount%252525252FLogin%252525253FReturnUrl%252525253D%25252525252FAccount%25252525252FLogin%25252525253FReturnUrl%25252525253D%2525252525252FAccount%2525252525252FLogin%2525252525253FReturnUrl%2525252525253D%252525252525252FAccount%252525252525252FLogin%252525252525253FReturnUrl%252525252525253D%25252525252525252FAccount%25252525252525252FLogin%25252525252525253FReturnUrl%25252525252525253D%2525252525252525252FAccount%2525252525252525252FLogin%2525252525252525253FReturnUrl%2525252525252525253D%252525252525252525252FAccount%252525252525252525252FLogin%252525252525252525253FReturnUrl%252525252525252525253D%25252525252525252525252F - 302 0 null 6.2909ms
2025-11-12 15:04:45.406 -03:00 [INF] Request starting HTTP/2 GET https://localhost:7173/Account/Login?ReturnUrl=%2FAccount%2FLogin%3FReturnUrl%3D%252FAccount%252FLogin%253FReturnUrl%253D%25252FAccount%25252FLogin%25253FReturnUrl%25253D%2525252FAccount%2525252FLogin%2525253FReturnUrl%2525253D%252525252FAccount%252525252FLogin%252525253FReturnUrl%252525253D%25252525252FAccount%25252525252FLogin%25252525253FReturnUrl%25252525253D%2525252525252FAccount%2525252525252FLogin%2525252525253FReturnUrl%2525252525253D%252525252525252FAccount%252525252525252FLogin%252525252525253FReturnUrl%252525252525253D%25252525252525252FAccount%25252525252525252FLogin%25252525252525253FReturnUrl%25252525252525253D%2525252525252525252FAccount%2525252525252525252FLogin%2525252525252525253FReturnUrl%2525252525252525253D%252525252525252525252FAccount%252525252525252525252FLogin%252525252525252525253FReturnUrl%252525252525252525253D%25252525252525252525252FAccount%25252525252525252525252FLogin%25252525252525252525253FReturnUrl%25252525252525252525253D%2525252525252525252525252F - null null
2025-11-12 15:04:45.410 -03:00 [INF] Authorization failed. These requirements were not met:
DenyAnonymousAuthorizationRequirement: Requires an authenticated user.
2025-11-12 15:04:45.411 -03:00 [INF] AuthenticationScheme: Cookies was challenged.
2025-11-12 15:04:45.412 -03:00 [INF] Request finished HTTP/2 GET https://localhost:7173/Account/Login?ReturnUrl=%2FAccount%2FLogin%3FReturnUrl%3D%252FAccount%252FLogin%253FReturnUrl%253D%25252FAccount%25252FLogin%25253FReturnUrl%25253D%2525252FAccount%2525252FLogin%2525253FReturnUrl%2525253D%252525252FAccount%252525252FLogin%252525253FReturnUrl%252525253D%25252525252FAccount%25252525252FLogin%25252525253FReturnUrl%25252525253D%2525252525252FAccount%2525252525252FLogin%2525252525253FReturnUrl%2525252525253D%252525252525252FAccount%252525252525252FLogin%252525252525253FReturnUrl%252525252525253D%25252525252525252FAccount%25252525252525252FLogin%25252525252525253FReturnUrl%25252525252525253D%2525252525252525252FAccount%2525252525252525252FLogin%2525252525252525253FReturnUrl%2525252525252525253D%252525252525252525252FAccount%252525252525252525252FLogin%252525252525252525253FReturnUrl%252525252525252525253D%25252525252525252525252FAccount%25252525252525252525252FLogin%25252525252525252525253FReturnUrl%25252525252525252525253D%2525252525252525252525252F - 302 0 null 6.0353ms
2025-11-12 15:04:45.416 -03:00 [INF] Request starting HTTP/2 GET https://localhost:7173/Account/Login?ReturnUrl=%2FAccount%2FLogin%3FReturnUrl%3D%252FAccount%252FLogin%253FReturnUrl%253D%25252FAccount%25252FLogin%25253FReturnUrl%25253D%2525252FAccount%2525252FLogin%2525253FReturnUrl%2525253D%252525252FAccount%252525252FLogin%252525253FReturnUrl%252525253D%25252525252FAccount%25252525252FLogin%25252525253FReturnUrl%25252525253D%2525252525252FAccount%2525252525252FLogin%2525252525253FReturnUrl%2525252525253D%252525252525252FAccount%252525252525252FLogin%252525252525253FReturnUrl%252525252525253D%25252525252525252FAccount%25252525252525252FLogin%25252525252525253FReturnUrl%25252525252525253D%2525252525252525252FAccount%2525252525252525252FLogin%2525252525252525253FReturnUrl%2525252525252525253D%252525252525252525252FAccount%252525252525252525252FLogin%252525252525252525253FReturnUrl%252525252525252525253D%25252525252525252525252FAccount%25252525252525252525252FLogin%25252525252525252525253FReturnUrl%25252525252525252525253D%2525252525252525252525252FAccount%2525252525252525252525252FLogin%2525252525252525252525253FReturnUrl%2525252525252525252525253D%252525252525252525252525252F - null null
2025-11-12 15:04:45.422 -03:00 [INF] Authorization failed. These requirements were not met:
DenyAnonymousAuthorizationRequirement: Requires an authenticated user.
2025-11-12 15:04:45.423 -03:00 [INF] AuthenticationScheme: Cookies was challenged.
2025-11-12 15:04:45.424 -03:00 [INF] Request finished HTTP/2 GET https://localhost:7173/Account/Login?ReturnUrl=%2FAccount%2FLogin%3FReturnUrl%3D%252FAccount%252FLogin%253FReturnUrl%253D%25252FAccount%25252FLogin%25253FReturnUrl%25253D%2525252FAccount%2525252FLogin%2525253FReturnUrl%2525253D%252525252FAccount%252525252FLogin%252525253FReturnUrl%252525253D%25252525252FAccount%25252525252FLogin%25252525253FReturnUrl%25252525253D%2525252525252FAccount%2525252525252FLogin%2525252525253FReturnUrl%2525252525253D%252525252525252FAccount%252525252525252FLogin%252525252525253FReturnUrl%252525252525253D%25252525252525252FAccount%25252525252525252FLogin%25252525252525253FReturnUrl%25252525252525253D%2525252525252525252FAccount%2525252525252525252FLogin%2525252525252525253FReturnUrl%2525252525252525253D%252525252525252525252FAccount%252525252525252525252FLogin%252525252525252525253FReturnUrl%252525252525252525253D%25252525252525252525252FAccount%25252525252525252525252FLogin%25252525252525252525253FReturnUrl%25252525252525252525253D%2525252525252525252525252FAccount%2525252525252525252525252FLogin%2525252525252525252525253FReturnUrl%2525252525252525252525253D%252525252525252525252525252F - 302 0 null 8.3254ms
2025-11-12 15:04:45.507 -03:00 [INF] Request starting HTTP/2 GET https://localhost:7173/Account/Login?ReturnUrl=%2FAccount%2FLogin%3FReturnUrl%3D%252FAccount%252FLogin%253FReturnUrl%253D%25252FAccount%25252FLogin%25253FReturnUrl%25253D%2525252FAccount%2525252FLogin%2525253FReturnUrl%2525253D%252525252FAccount%252525252FLogin%252525253FReturnUrl%252525253D%25252525252FAccount%25252525252FLogin%25252525253FReturnUrl%25252525253D%2525252525252FAccount%2525252525252FLogin%2525252525253FReturnUrl%2525252525253D%252525252525252FAccount%252525252525252FLogin%252525252525253FReturnUrl%252525252525253D%25252525252525252FAccount%25252525252525252FLogin%25252525252525253FReturnUrl%25252525252525253D%2525252525252525252FAccount%2525252525252525252FLogin%2525252525252525253FReturnUrl%2525252525252525253D%252525252525252525252FAccount%252525252525252525252FLogin%252525252525252525253FReturnUrl%252525252525252525253D%25252525252525252525252FAccount%25252525252525252525252FLogin%25252525252525252525253FReturnUrl%25252525252525252525253D%2525252525252525252525252FAccount%2525252525252525252525252FLogin%2525252525252525252525253FReturnUrl%2525252525252525252525253D%252525252525252525252525252FAccount%252525252525252525252525252FLogin%252525252525252525252525253FReturnUrl%252525252525252525252525253D%25252525252525252525252525252F - null null
2025-11-12 15:04:45.511 -03:00 [INF] Authorization failed. These requirements were not met:
DenyAnonymousAuthorizationRequirement: Requires an authenticated user.
2025-11-12 15:04:45.512 -03:00 [INF] AuthenticationScheme: Cookies was challenged.
2025-11-12 15:04:45.513 -03:00 [INF] Request finished HTTP/2 GET https://localhost:7173/Account/Login?ReturnUrl=%2FAccount%2FLogin%3FReturnUrl%3D%252FAccount%252FLogin%253FReturnUrl%253D%25252FAccount%25252FLogin%25253FReturnUrl%25253D%2525252FAccount%2525252FLogin%2525253FReturnUrl%2525253D%252525252FAccount%252525252FLogin%252525253FReturnUrl%252525253D%25252525252FAccount%25252525252FLogin%25252525253FReturnUrl%25252525253D%2525252525252FAccount%2525252525252FLogin%2525252525253FReturnUrl%2525252525253D%252525252525252FAccount%252525252525252FLogin%252525252525253FReturnUrl%252525252525253D%25252525252525252FAccount%25252525252525252FLogin%25252525252525253FReturnUrl%25252525252525253D%2525252525252525252FAccount%2525252525252525252FLogin%2525252525252525253FReturnUrl%2525252525252525253D%252525252525252525252FAccount%252525252525252525252FLogin%252525252525252525253FReturnUrl%252525252525252525253D%25252525252525252525252FAccount%25252525252525252525252FLogin%25252525252525252525253FReturnUrl%25252525252525252525253D%2525252525252525252525252FAccount%2525252525252525252525252FLogin%2525252525252525252525253FReturnUrl%2525252525252525252525253D%252525252525252525252525252FAccount%252525252525252525252525252FLogin%252525252525252525252525253FReturnUrl%252525252525252525252525253D%25252525252525252525252525252F - 302 0 null 5.8407ms
2025-11-12 15:04:45.524 -03:00 [INF] Request starting HTTP/2 GET https://localhost:7173/Account/Login?ReturnUrl=%2FAccount%2FLogin%3FReturnUrl%3D%252FAccount%252FLogin%253FReturnUrl%253D%25252FAccount%25252FLogin%25253FReturnUrl%25253D%2525252FAccount%2525252FLogin%2525253FReturnUrl%2525253D%252525252FAccount%252525252FLogin%252525253FReturnUrl%252525253D%25252525252FAccount%25252525252FLogin%25252525253FReturnUrl%25252525253D%2525252525252FAccount%2525252525252FLogin%2525252525253FReturnUrl%2525252525253D%252525252525252FAccount%252525252525252FLogin%252525252525253FReturnUrl%252525252525253D%25252525252525252FAccount%25252525252525252FLogin%25252525252525253FReturnUrl%25252525252525253D%2525252525252525252FAccount%2525252525252525252FLogin%2525252525252525253FReturnUrl%2525252525252525253D%252525252525252525252FAccount%252525252525252525252FLogin%252525252525252525253FReturnUrl%252525252525252525253D%25252525252525252525252FAccount%25252525252525252525252FLogin%25252525252525252525253FReturnUrl%25252525252525252525253D%2525252525252525252525252FAccount%2525252525252525252525252FLogin%2525252525252525252525253FReturnUrl%2525252525252525252525253D%252525252525252525252525252FAccount%252525252525252525252525252FLogin%252525252525252525252525253FReturnUrl%252525252525252525252525253D%25252525252525252525252525252FAccount%25252525252525252525252525252FLogin%25252525252525252525252525253FReturnUrl%25252525252525252525252525253D%2525252525252525252525252525252F - null null
2025-11-12 15:04:45.530 -03:00 [INF] Authorization failed. These requirements were not met:
DenyAnonymousAuthorizationRequirement: Requires an authenticated user.
2025-11-12 15:04:45.531 -03:00 [INF] AuthenticationScheme: Cookies was challenged.
2025-11-12 15:04:45.532 -03:00 [INF] Request finished HTTP/2 GET https://localhost:7173/Account/Login?ReturnUrl=%2FAccount%2FLogin%3FReturnUrl%3D%252FAccount%252FLogin%253FReturnUrl%253D%25252FAccount%25252FLogin%25253FReturnUrl%25253D%2525252FAccount%2525252FLogin%2525253FReturnUrl%2525253D%252525252FAccount%252525252FLogin%252525253FReturnUrl%252525253D%25252525252FAccount%25252525252FLogin%25252525253FReturnUrl%25252525253D%2525252525252FAccount%2525252525252FLogin%2525252525253FReturnUrl%2525252525253D%252525252525252FAccount%252525252525252FLogin%252525252525253FReturnUrl%252525252525253D%25252525252525252FAccount%25252525252525252FLogin%25252525252525253FReturnUrl%25252525252525253D%2525252525252525252FAccount%2525252525252525252FLogin%2525252525252525253FReturnUrl%2525252525252525253D%252525252525252525252FAccount%252525252525252525252FLogin%252525252525252525253FReturnUrl%252525252525252525253D%25252525252525252525252FAccount%25252525252525252525252FLogin%25252525252525252525253FReturnUrl%25252525252525252525253D%2525252525252525252525252FAccount%2525252525252525252525252FLogin%2525252525252525252525253FReturnUrl%2525252525252525252525253D%252525252525252525252525252FAccount%252525252525252525252525252FLogin%252525252525252525252525253FReturnUrl%252525252525252525252525253D%25252525252525252525252525252FAccount%25252525252525252525252525252FLogin%25252525252525252525252525253FReturnUrl%25252525252525252525252525253D%2525252525252525252525252525252F - 302 0 null 8.2094ms
2025-11-12 15:04:45.582 -03:00 [INF] Request starting HTTP/2 GET https://localhost:7173/Account/Login?ReturnUrl=%2FAccount%2FLogin%3FReturnUrl%3D%252FAccount%252FLogin%253FReturnUrl%253D%25252FAccount%25252FLogin%25253FReturnUrl%25253D%2525252FAccount%2525252FLogin%2525253FReturnUrl%2525253D%252525252FAccount%252525252FLogin%252525253FReturnUrl%252525253D%25252525252FAccount%25252525252FLogin%25252525253FReturnUrl%25252525253D%2525252525252FAccount%2525252525252FLogin%2525252525253FReturnUrl%2525252525253D%252525252525252FAccount%252525252525252FLogin%252525252525253FReturnUrl%252525252525253D%25252525252525252FAccount%25252525252525252FLogin%25252525252525253FReturnUrl%25252525252525253D%2525252525252525252FAccount%2525252525252525252FLogin%2525252525252525253FReturnUrl%2525252525252525253D%252525252525252525252FAccount%252525252525252525252FLogin%252525252525252525253FReturnUrl%252525252525252525253D%25252525252525252525252FAccount%25252525252525252525252FLogin%25252525252525252525253FReturnUrl%25252525252525252525253D%2525252525252525252525252FAccount%2525252525252525252525252FLogin%2525252525252525252525253FReturnUrl%2525252525252525252525253D%252525252525252525252525252FAccount%252525252525252525252525252FLogin%252525252525252525252525253FReturnUrl%252525252525252525252525253D%25252525252525252525252525252FAccount%25252525252525252525252525252FLogin%25252525252525252525252525253FReturnUrl%25252525252525252525252525253D%2525252525252525252525252525252FAccount%2525252525252525252525252525252FLogin%2525252525252525252525252525253FReturnUrl%2525252525252525252525252525253D%252525252525252525252525252525252F - null null
2025-11-12 15:04:45.587 -03:00 [INF] Authorization failed. These requirements were not met:
DenyAnonymousAuthorizationRequirement: Requires an authenticated user.
2025-11-12 15:04:45.588 -03:00 [INF] AuthenticationScheme: Cookies was challenged.
2025-11-12 15:04:45.589 -03:00 [INF] Request finished HTTP/2 GET https://localhost:7173/Account/Login?ReturnUrl=%2FAccount%2FLogin%3FReturnUrl%3D%252FAccount%252FLogin%253FReturnUrl%253D%25252FAccount%25252FLogin%25253FReturnUrl%25253D%2525252FAccount%2525252FLogin%2525253FReturnUrl%2525253D%252525252FAccount%252525252FLogin%252525253FReturnUrl%252525253D%25252525252FAccount%25252525252FLogin%25252525253FReturnUrl%25252525253D%2525252525252FAccount%2525252525252FLogin%2525252525253FReturnUrl%2525252525253D%252525252525252FAccount%252525252525252FLogin%252525252525253FReturnUrl%252525252525253D%25252525252525252FAccount%25252525252525252FLogin%25252525252525253FReturnUrl%25252525252525253D%2525252525252525252FAccount%2525252525252525252FLogin%2525252525252525253FReturnUrl%2525252525252525253D%252525252525252525252FAccount%252525252525252525252FLogin%252525252525252525253FReturnUrl%252525252525252525253D%25252525252525252525252FAccount%25252525252525252525252FLogin%25252525252525252525253FReturnUrl%25252525252525252525253D%2525252525252525252525252FAccount%2525252525252525252525252FLogin%2525252525252525252525253FReturnUrl%2525252525252525252525253D%252525252525252525252525252FAccount%252525252525252525252525252FLogin%252525252525252525252525253FReturnUrl%252525252525252525252525253D%25252525252525252525252525252FAccount%25252525252525252525252525252FLogin%25252525252525252525252525253FReturnUrl%25252525252525252525252525253D%2525252525252525252525252525252FAccount%2525252525252525252525252525252FLogin%2525252525252525252525252525253FReturnUrl%2525252525252525252525252525253D%252525252525252525252525252525252F - 302 0 null 6.881ms
2025-11-12 15:04:45.626 -03:00 [INF] Request starting HTTP/2 GET https://localhost:7173/Account/Login?ReturnUrl=%2FAccount%2FLogin%3FReturnUrl%3D%252FAccount%252FLogin%253FReturnUrl%253D%25252FAccount%25252FLogin%25253FReturnUrl%25253D%2525252FAccount%2525252FLogin%2525253FReturnUrl%2525253D%252525252FAccount%252525252FLogin%252525253FReturnUrl%252525253D%25252525252FAccount%25252525252FLogin%25252525253FReturnUrl%25252525253D%2525252525252FAccount%2525252525252FLogin%2525252525253FReturnUrl%2525252525253D%252525252525252FAccount%252525252525252FLogin%252525252525253FReturnUrl%252525252525253D%25252525252525252FAccount%25252525252525252FLogin%25252525252525253FReturnUrl%25252525252525253D%2525252525252525252FAccount%2525252525252525252FLogin%2525252525252525253FReturnUrl%2525252525252525253D%252525252525252525252FAccount%252525252525252525252FLogin%252525252525252525253FReturnUrl%252525252525252525253D%25252525252525252525252FAccount%25252525252525252525252FLogin%25252525252525252525253FReturnUrl%25252525252525252525253D%2525252525252525252525252FAccount%2525252525252525252525252FLogin%2525252525252525252525253FReturnUrl%2525252525252525252525253D%252525252525252525252525252FAccount%252525252525252525252525252FLogin%252525252525252525252525253FReturnUrl%252525252525252525252525253D%25252525252525252525252525252FAccount%25252525252525252525252525252FLogin%25252525252525252525252525253FReturnUrl%25252525252525252525252525253D%2525252525252525252525252525252FAccount%2525252525252525252525252525252FLogin%2525252525252525252525252525253FReturnUrl%2525252525252525252525252525253D%252525252525252525252525252525252FAccount%252525252525252525252525252525252FLogin%252525252525252525252525252525253FReturnUrl%252525252525252525252525252525253D%25252525252525252525252525252525252F - null null
2025-11-12 15:04:45.630 -03:00 [INF] Authorization failed. These requirements were not met:
DenyAnonymousAuthorizationRequirement: Requires an authenticated user.
2025-11-12 15:04:45.631 -03:00 [INF] AuthenticationScheme: Cookies was challenged.
2025-11-12 15:04:45.631 -03:00 [INF] Request finished HTTP/2 GET https://localhost:7173/Account/Login?ReturnUrl=%2FAccount%2FLogin%3FReturnUrl%3D%252FAccount%252FLogin%253FReturnUrl%253D%25252FAccount%25252FLogin%25253FReturnUrl%25253D%2525252FAccount%2525252FLogin%2525253FReturnUrl%2525253D%252525252FAccount%252525252FLogin%252525253FReturnUrl%252525253D%25252525252FAccount%25252525252FLogin%25252525253FReturnUrl%25252525253D%2525252525252FAccount%2525252525252FLogin%2525252525253FReturnUrl%2525252525253D%252525252525252FAccount%252525252525252FLogin%252525252525253FReturnUrl%252525252525253D%25252525252525252FAccount%25252525252525252FLogin%25252525252525253FReturnUrl%25252525252525253D%2525252525252525252FAccount%2525252525252525252FLogin%2525252525252525253FReturnUrl%2525252525252525253D%252525252525252525252FAccount%252525252525252525252FLogin%252525252525252525253FReturnUrl%252525252525252525253D%25252525252525252525252FAccount%25252525252525252525252FLogin%25252525252525252525253FReturnUrl%25252525252525252525253D%2525252525252525252525252FAccount%2525252525252525252525252FLogin%2525252525252525252525253FReturnUrl%2525252525252525252525253D%252525252525252525252525252FAccount%252525252525252525252525252FLogin%252525252525252525252525253FReturnUrl%252525252525252525252525253D%25252525252525252525252525252FAccount%25252525252525252525252525252FLogin%25252525252525252525252525253FReturnUrl%25252525252525252525252525253D%2525252525252525252525252525252FAccount%2525252525252525252525252525252FLogin%2525252525252525252525252525253FReturnUrl%2525252525252525252525252525253D%252525252525252525252525252525252FAccount%252525252525252525252525252525252FLogin%252525252525252525252525252525253FReturnUrl%252525252525252525252525252525253D%25252525252525252525252525252525252F - 302 0 null 5.8489ms
2025-11-12 15:04:45.635 -03:00 [INF] Request starting HTTP/2 GET https://localhost:7173/Account/Login?ReturnUrl=%2FAccount%2FLogin%3FReturnUrl%3D%252FAccount%252FLogin%253FReturnUrl%253D%25252FAccount%25252FLogin%25253FReturnUrl%25253D%2525252FAccount%2525252FLogin%2525253FReturnUrl%2525253D%252525252FAccount%252525252FLogin%252525253FReturnUrl%252525253D%25252525252FAccount%25252525252FLogin%25252525253FReturnUrl%25252525253D%2525252525252FAccount%2525252525252FLogin%2525252525253FReturnUrl%2525252525253D%252525252525252FAccount%252525252525252FLogin%252525252525253FReturnUrl%252525252525253D%25252525252525252FAccount%25252525252525252FLogin%25252525252525253FReturnUrl%25252525252525253D%2525252525252525252FAccount%2525252525252525252FLogin%2525252525252525253FReturnUrl%2525252525252525253D%252525252525252525252FAccount%252525252525252525252FLogin%252525252525252525253FReturnUrl%252525252525252525253D%25252525252525252525252FAccount%25252525252525252525252FLogin%25252525252525252525253FReturnUrl%25252525252525252525253D%2525252525252525252525252FAccount%2525252525252525252525252FLogin%2525252525252525252525253FReturnUrl%2525252525252525252525253D%252525252525252525252525252FAccount%252525252525252525252525252FLogin%252525252525252525252525253FReturnUrl%252525252525252525252525253D%25252525252525252525252525252FAccount%25252525252525252525252525252FLogin%25252525252525252525252525253FReturnUrl%25252525252525252525252525253D%2525252525252525252525252525252FAccount%2525252525252525252525252525252FLogin%2525252525252525252525252525253FReturnUrl%2525252525252525252525252525253D%252525252525252525252525252525252FAccount%252525252525252525252525252525252FLogin%252525252525252525252525252525253FReturnUrl%252525252525252525252525252525253D%25252525252525252525252525252525252FAccount%25252525252525252525252525252525252FLogin%25252525252525252525252525252525253FReturnUrl%25252525252525252525252525252525253D%2525252525252525252525252525252525252F - null null
2025-11-12 15:04:45.639 -03:00 [INF] Authorization failed. These requirements were not met:
DenyAnonymousAuthorizationRequirement: Requires an authenticated user.
2025-11-12 15:04:45.641 -03:00 [INF] AuthenticationScheme: Cookies was challenged.
2025-11-12 15:04:45.641 -03:00 [INF] Request finished HTTP/2 GET https://localhost:7173/Account/Login?ReturnUrl=%2FAccount%2FLogin%3FReturnUrl%3D%252FAccount%252FLogin%253FReturnUrl%253D%25252FAccount%25252FLogin%25253FReturnUrl%25253D%2525252FAccount%2525252FLogin%2525253FReturnUrl%2525253D%252525252FAccount%252525252FLogin%252525253FReturnUrl%252525253D%25252525252FAccount%25252525252FLogin%25252525253FReturnUrl%25252525253D%2525252525252FAccount%2525252525252FLogin%2525252525253FReturnUrl%2525252525253D%252525252525252FAccount%252525252525252FLogin%252525252525253FReturnUrl%252525252525253D%25252525252525252FAccount%25252525252525252FLogin%25252525252525253FReturnUrl%25252525252525253D%2525252525252525252FAccount%2525252525252525252FLogin%2525252525252525253FReturnUrl%2525252525252525253D%252525252525252525252FAccount%252525252525252525252FLogin%252525252525252525253FReturnUrl%252525252525252525253D%25252525252525252525252FAccount%25252525252525252525252FLogin%25252525252525252525253FReturnUrl%25252525252525252525253D%2525252525252525252525252FAccount%2525252525252525252525252FLogin%2525252525252525252525253FReturnUrl%2525252525252525252525253D%252525252525252525252525252FAccount%252525252525252525252525252FLogin%252525252525252525252525253FReturnUrl%252525252525252525252525253D%25252525252525252525252525252FAccount%25252525252525252525252525252FLogin%25252525252525252525252525253FReturnUrl%25252525252525252525252525253D%2525252525252525252525252525252FAccount%2525252525252525252525252525252FLogin%2525252525252525252525252525253FReturnUrl%2525252525252525252525252525253D%252525252525252525252525252525252FAccount%252525252525252525252525252525252FLogin%252525252525252525252525252525253FReturnUrl%252525252525252525252525252525253D%25252525252525252525252525252525252FAccount%25252525252525252525252525252525252FLogin%25252525252525252525252525252525253FReturnUrl%25252525252525252525252525252525253D%2525252525252525252525252525252525252F - 302 0 null 6.1206ms
2025-11-12 15:04:46.676 -03:00 [INF] Request starting HTTP/2 GET https://localhost:7173/Account/Login?ReturnUrl=%2FAccount%2FLogin%3FReturnUrl%3D%252FAccount%252FLogin%253FReturnUrl%253D%25252FAccount%25252FLogin%25253FReturnUrl%25253D%2525252FAccount%2525252FLogin%2525253FReturnUrl%2525253D%252525252FAccount%252525252FLogin%252525253FReturnUrl%252525253D%25252525252FAccount%25252525252FLogin%25252525253FReturnUrl%25252525253D%2525252525252FAccount%2525252525252FLogin%2525252525253FReturnUrl%2525252525253D%252525252525252FAccount%252525252525252FLogin%252525252525253FReturnUrl%252525252525253D%25252525252525252FAccount%25252525252525252FLogin%25252525252525253FReturnUrl%25252525252525253D%2525252525252525252FAccount%2525252525252525252FLogin%2525252525252525253FReturnUrl%2525252525252525253D%252525252525252525252FAccount%252525252525252525252FLogin%252525252525252525253FReturnUrl%252525252525252525253D%25252525252525252525252FAccount%25252525252525252525252FLogin%25252525252525252525253FReturnUrl%25252525252525252525253D%2525252525252525252525252FAccount%2525252525252525252525252FLogin%2525252525252525252525253FReturnUrl%2525252525252525252525253D%252525252525252525252525252FAccount%252525252525252525252525252FLogin%252525252525252525252525253FReturnUrl%252525252525252525252525253D%25252525252525252525252525252FAccount%25252525252525252525252525252FLogin%25252525252525252525252525253FReturnUrl%25252525252525252525252525253D%2525252525252525252525252525252FAccount%2525252525252525252525252525252FLogin%2525252525252525252525252525253FReturnUrl%2525252525252525252525252525253D%252525252525252525252525252525252FAccount%252525252525252525252525252525252FLogin%252525252525252525252525252525253FReturnUrl%252525252525252525252525252525253D%25252525252525252525252525252525252FAccount%25252525252525252525252525252525252FLogin%25252525252525252525252525252525253FReturnUrl%25252525252525252525252525252525253D%2525252525252525252525252525252525252F - null null
2025-11-12 15:04:46.681 -03:00 [INF] Authorization failed. These requirements were not met:
DenyAnonymousAuthorizationRequirement: Requires an authenticated user.
2025-11-12 15:04:46.682 -03:00 [INF] AuthenticationScheme: Cookies was challenged.
2025-11-12 15:04:46.683 -03:00 [INF] Request finished HTTP/2 GET https://localhost:7173/Account/Login?ReturnUrl=%2FAccount%2FLogin%3FReturnUrl%3D%252FAccount%252FLogin%253FReturnUrl%253D%25252FAccount%25252FLogin%25253FReturnUrl%25253D%2525252FAccount%2525252FLogin%2525253FReturnUrl%2525253D%252525252FAccount%252525252FLogin%252525253FReturnUrl%252525253D%25252525252FAccount%25252525252FLogin%25252525253FReturnUrl%25252525253D%2525252525252FAccount%2525252525252FLogin%2525252525253FReturnUrl%2525252525253D%252525252525252FAccount%252525252525252FLogin%252525252525253FReturnUrl%252525252525253D%25252525252525252FAccount%25252525252525252FLogin%25252525252525253FReturnUrl%25252525252525253D%2525252525252525252FAccount%2525252525252525252FLogin%2525252525252525253FReturnUrl%2525252525252525253D%252525252525252525252FAccount%252525252525252525252FLogin%252525252525252525253FReturnUrl%252525252525252525253D%25252525252525252525252FAccount%25252525252525252525252FLogin%25252525252525252525253FReturnUrl%25252525252525252525253D%2525252525252525252525252FAccount%2525252525252525252525252FLogin%2525252525252525252525253FReturnUrl%2525252525252525252525253D%252525252525252525252525252FAccount%252525252525252525252525252FLogin%252525252525252525252525253FReturnUrl%252525252525252525252525253D%25252525252525252525252525252FAccount%25252525252525252525252525252FLogin%25252525252525252525252525253FReturnUrl%25252525252525252525252525253D%2525252525252525252525252525252FAccount%2525252525252525252525252525252FLogin%2525252525252525252525252525253FReturnUrl%2525252525252525252525252525253D%252525252525252525252525252525252FAccount%252525252525252525252525252525252FLogin%252525252525252525252525252525253FReturnUrl%252525252525252525252525252525253D%25252525252525252525252525252525252FAccount%25252525252525252525252525252525252FLogin%25252525252525252525252525252525253FReturnUrl%25252525252525252525252525252525253D%2525252525252525252525252525252525252F - 302 0 null 7.498ms
2025-11-12 15:04:46.688 -03:00 [INF] Request starting HTTP/2 GET https://localhost:7173/Account/Login?ReturnUrl=%2FAccount%2FLogin%3FReturnUrl%3D%252FAccount%252FLogin%253FReturnUrl%253D%25252FAccount%25252FLogin%25253FReturnUrl%25253D%2525252FAccount%2525252FLogin%2525253FReturnUrl%2525253D%252525252FAccount%252525252FLogin%252525253FReturnUrl%252525253D%25252525252FAccount%25252525252FLogin%25252525253FReturnUrl%25252525253D%2525252525252FAccount%2525252525252FLogin%2525252525253FReturnUrl%2525252525253D%252525252525252FAccount%252525252525252FLogin%252525252525253FReturnUrl%252525252525253D%25252525252525252FAccount%25252525252525252FLogin%25252525252525253FReturnUrl%25252525252525253D%2525252525252525252FAccount%2525252525252525252FLogin%2525252525252525253FReturnUrl%2525252525252525253D%252525252525252525252FAccount%252525252525252525252FLogin%252525252525252525253FReturnUrl%252525252525252525253D%25252525252525252525252FAccount%25252525252525252525252FLogin%25252525252525252525253FReturnUrl%25252525252525252525253D%2525252525252525252525252FAccount%2525252525252525252525252FLogin%2525252525252525252525253FReturnUrl%2525252525252525252525253D%252525252525252525252525252FAccount%252525252525252525252525252FLogin%252525252525252525252525253FReturnUrl%252525252525252525252525253D%25252525252525252525252525252FAccount%25252525252525252525252525252FLogin%25252525252525252525252525253FReturnUrl%25252525252525252525252525253D%2525252525252525252525252525252FAccount%2525252525252525252525252525252FLogin%2525252525252525252525252525253FReturnUrl%2525252525252525252525252525253D%252525252525252525252525252525252FAccount%252525252525252525252525252525252FLogin%252525252525252525252525252525253FReturnUrl%252525252525252525252525252525253D%25252525252525252525252525252525252FAccount%25252525252525252525252525252525252FLogin%25252525252525252525252525252525253FReturnUrl%25252525252525252525252525252525253D%2525252525252525252525252525252525252FAccount%2525252525252525252525252525252525252FLogin%2525252525252525252525252525252525253FReturnUrl%2525252525252525252525252525252525253D%252525252525252525252525252525252525252F - null null
2025-11-12 15:04:46.693 -03:00 [INF] Authorization failed. These requirements were not met:
DenyAnonymousAuthorizationRequirement: Requires an authenticated user.
2025-11-12 15:04:46.695 -03:00 [INF] AuthenticationScheme: Cookies was challenged.
2025-11-12 15:04:46.696 -03:00 [INF] Request finished HTTP/2 GET https://localhost:7173/Account/Login?ReturnUrl=%2FAccount%2FLogin%3FReturnUrl%3D%252FAccount%252FLogin%253FReturnUrl%253D%25252FAccount%25252FLogin%25253FReturnUrl%25253D%2525252FAccount%2525252FLogin%2525253FReturnUrl%2525253D%252525252FAccount%252525252FLogin%252525253FReturnUrl%252525253D%25252525252FAccount%25252525252FLogin%25252525253FReturnUrl%25252525253D%2525252525252FAccount%2525252525252FLogin%2525252525253FReturnUrl%2525252525253D%252525252525252FAccount%252525252525252FLogin%252525252525253FReturnUrl%252525252525253D%25252525252525252FAccount%25252525252525252FLogin%25252525252525253FReturnUrl%25252525252525253D%2525252525252525252FAccount%2525252525252525252FLogin%2525252525252525253FReturnUrl%2525252525252525253D%252525252525252525252FAccount%252525252525252525252FLogin%252525252525252525253FReturnUrl%252525252525252525253D%25252525252525252525252FAccount%25252525252525252525252FLogin%25252525252525252525253FReturnUrl%25252525252525252525253D%2525252525252525252525252FAccount%2525252525252525252525252FLogin%2525252525252525252525253FReturnUrl%2525252525252525252525253D%252525252525252525252525252FAccount%252525252525252525252525252FLogin%252525252525252525252525253FReturnUrl%252525252525252525252525253D%25252525252525252525252525252FAccount%25252525252525252525252525252FLogin%25252525252525252525252525253FReturnUrl%25252525252525252525252525253D%2525252525252525252525252525252FAccount%2525252525252525252525252525252FLogin%2525252525252525252525252525253FReturnUrl%2525252525252525252525252525253D%252525252525252525252525252525252FAccount%252525252525252525252525252525252FLogin%252525252525252525252525252525253FReturnUrl%252525252525252525252525252525253D%25252525252525252525252525252525252FAccount%25252525252525252525252525252525252FLogin%25252525252525252525252525252525253FReturnUrl%25252525252525252525252525252525253D%2525252525252525252525252525252525252FAccount%2525252525252525252525252525252525252FLogin%2525252525252525252525252525252525253FReturnUrl%2525252525252525252525252525252525253D%252525252525252525252525252525252525252F - 302 0 null 7.9794ms
2025-11-12 15:04:46.700 -03:00 [INF] Request starting HTTP/2 GET https://localhost:7173/Account/Login?ReturnUrl=%2FAccount%2FLogin%3FReturnUrl%3D%252FAccount%252FLogin%253FReturnUrl%253D%25252FAccount%25252FLogin%25253FReturnUrl%25253D%2525252FAccount%2525252FLogin%2525253FReturnUrl%2525253D%252525252FAccount%252525252FLogin%252525253FReturnUrl%252525253D%25252525252FAccount%25252525252FLogin%25252525253FReturnUrl%25252525253D%2525252525252FAccount%2525252525252FLogin%2525252525253FReturnUrl%2525252525253D%252525252525252FAccount%252525252525252FLogin%252525252525253FReturnUrl%252525252525253D%25252525252525252FAccount%25252525252525252FLogin%25252525252525253FReturnUrl%25252525252525253D%2525252525252525252FAccount%2525252525252525252FLogin%2525252525252525253FReturnUrl%2525252525252525253D%252525252525252525252FAccount%252525252525252525252FLogin%252525252525252525253FReturnUrl%252525252525252525253D%25252525252525252525252FAccount%25252525252525252525252FLogin%25252525252525252525253FReturnUrl%25252525252525252525253D%2525252525252525252525252FAccount%2525252525252525252525252FLogin%2525252525252525252525253FReturnUrl%2525252525252525252525253D%252525252525252525252525252FAccount%252525252525252525252525252FLogin%252525252525252525252525253FReturnUrl%252525252525252525252525253D%25252525252525252525252525252FAccount%25252525252525252525252525252FLogin%25252525252525252525252525253FReturnUrl%25252525252525252525252525253D%2525252525252525252525252525252FAccount%2525252525252525252525252525252FLogin%2525252525252525252525252525253FReturnUrl%2525252525252525252525252525253D%252525252525252525252525252525252FAccount%252525252525252525252525252525252FLogin%252525252525252525252525252525253FReturnUrl%252525252525252525252525252525253D%25252525252525252525252525252525252FAccount%25252525252525252525252525252525252FLogin%25252525252525252525252525252525253FReturnUrl%25252525252525252525252525252525253D%2525252525252525252525252525252525252FAccount%2525252525252525252525252525252525252FLogin%2525252525252525252525252525252525253FReturnUrl%2525252525252525252525252525252525253D%252525252525252525252525252525252525252FAccount%252525252525252525252525252525252525252FLogin%252525252525252525252525252525252525253FReturnUrl%252525252525252525252525252525252525253D%25252525252525252525252525252525252525252F - null null
2025-11-12 15:04:46.704 -03:00 [INF] Authorization failed. These requirements were not met:
DenyAnonymousAuthorizationRequirement: Requires an authenticated user.
2025-11-12 15:04:46.705 -03:00 [INF] AuthenticationScheme: Cookies was challenged.
2025-11-12 15:04:46.706 -03:00 [INF] Request finished HTTP/2 GET https://localhost:7173/Account/Login?ReturnUrl=%2FAccount%2FLogin%3FReturnUrl%3D%252FAccount%252FLogin%253FReturnUrl%253D%25252FAccount%25252FLogin%25253FReturnUrl%25253D%2525252FAccount%2525252FLogin%2525253FReturnUrl%2525253D%252525252FAccount%252525252FLogin%252525253FReturnUrl%252525253D%25252525252FAccount%25252525252FLogin%25252525253FReturnUrl%25252525253D%2525252525252FAccount%2525252525252FLogin%2525252525253FReturnUrl%2525252525253D%252525252525252FAccount%252525252525252FLogin%252525252525253FReturnUrl%252525252525253D%25252525252525252FAccount%25252525252525252FLogin%25252525252525253FReturnUrl%25252525252525253D%2525252525252525252FAccount%2525252525252525252FLogin%2525252525252525253FReturnUrl%2525252525252525253D%252525252525252525252FAccount%252525252525252525252FLogin%252525252525252525253FReturnUrl%252525252525252525253D%25252525252525252525252FAccount%25252525252525252525252FLogin%25252525252525252525253FReturnUrl%25252525252525252525253D%2525252525252525252525252FAccount%2525252525252525252525252FLogin%2525252525252525252525253FReturnUrl%2525252525252525252525253D%252525252525252525252525252FAccount%252525252525252525252525252FLogin%252525252525252525252525253FReturnUrl%252525252525252525252525253D%25252525252525252525252525252FAccount%25252525252525252525252525252FLogin%25252525252525252525252525253FReturnUrl%25252525252525252525252525253D%2525252525252525252525252525252FAccount%2525252525252525252525252525252FLogin%2525252525252525252525252525253FReturnUrl%2525252525252525252525252525253D%252525252525252525252525252525252FAccount%252525252525252525252525252525252FLogin%252525252525252525252525252525253FReturnUrl%252525252525252525252525252525253D%25252525252525252525252525252525252FAccount%25252525252525252525252525252525252FLogin%25252525252525252525252525252525253FReturnUrl%25252525252525252525252525252525253D%2525252525252525252525252525252525252FAccount%2525252525252525252525252525252525252FLogin%2525252525252525252525252525252525253FReturnUrl%2525252525252525252525252525252525253D%252525252525252525252525252525252525252FAccount%252525252525252525252525252525252525252FLogin%252525252525252525252525252525252525253FReturnUrl%252525252525252525252525252525252525253D%25252525252525252525252525252525252525252F - 302 0 null 6.1879ms
2025-11-12 15:04:46.709 -03:00 [INF] Request starting HTTP/2 GET https://localhost:7173/Account/Login?ReturnUrl=%2FAccount%2FLogin%3FReturnUrl%3D%252FAccount%252FLogin%253FReturnUrl%253D%25252FAccount%25252FLogin%25253FReturnUrl%25253D%2525252FAccount%2525252FLogin%2525253FReturnUrl%2525253D%252525252FAccount%252525252FLogin%252525253FReturnUrl%252525253D%25252525252FAccount%25252525252FLogin%25252525253FReturnUrl%25252525253D%2525252525252FAccount%2525252525252FLogin%2525252525253FReturnUrl%2525252525253D%252525252525252FAccount%252525252525252FLogin%252525252525253FReturnUrl%252525252525253D%25252525252525252FAccount%25252525252525252FLogin%25252525252525253FReturnUrl%25252525252525253D%2525252525252525252FAccount%2525252525252525252FLogin%2525252525252525253FReturnUrl%2525252525252525253D%252525252525252525252FAccount%252525252525252525252FLogin%252525252525252525253FReturnUrl%252525252525252525253D%25252525252525252525252FAccount%25252525252525252525252FLogin%25252525252525252525253FReturnUrl%25252525252525252525253D%2525252525252525252525252FAccount%2525252525252525252525252FLogin%2525252525252525252525253FReturnUrl%2525252525252525252525253D%252525252525252525252525252FAccount%252525252525252525252525252FLogin%252525252525252525252525253FReturnUrl%252525252525252525252525253D%25252525252525252525252525252FAccount%25252525252525252525252525252FLogin%25252525252525252525252525253FReturnUrl%25252525252525252525252525253D%2525252525252525252525252525252FAccount%2525252525252525252525252525252FLogin%2525252525252525252525252525253FReturnUrl%2525252525252525252525252525253D%252525252525252525252525252525252FAccount%252525252525252525252525252525252FLogin%252525252525252525252525252525253FReturnUrl%252525252525252525252525252525253D%25252525252525252525252525252525252FAccount%25252525252525252525252525252525252FLogin%25252525252525252525252525252525253FReturnUrl%25252525252525252525252525252525253D%2525252525252525252525252525252525252FAccount%2525252525252525252525252525252525252FLogin%2525252525252525252525252525252525253FReturnUrl%2525252525252525252525252525252525253D%252525252525252525252525252525252525252FAccount%252525252525252525252525252525252525252FLogin%252525252525252525252525252525252525253FReturnUrl%252525252525252525252525252525252525253D%25252525252525252525252525252525252525252FAccount%25252525252525252525252525252525252525252FLogin%25252525252525252525252525252525252525253FReturnUrl%25252525252525252525252525252525252525253D%2525252525252525252525252525252525252525252F - null null
2025-11-12 15:04:46.713 -03:00 [INF] Authorization failed. These requirements were not met:
DenyAnonymousAuthorizationRequirement: Requires an authenticated user.
2025-11-12 15:04:46.714 -03:00 [INF] AuthenticationScheme: Cookies was challenged.
2025-11-12 15:04:46.715 -03:00 [INF] Request finished HTTP/2 GET https://localhost:7173/Account/Login?ReturnUrl=%2FAccount%2FLogin%3FReturnUrl%3D%252FAccount%252FLogin%253FReturnUrl%253D%25252FAccount%25252FLogin%25253FReturnUrl%25253D%2525252FAccount%2525252FLogin%2525253FReturnUrl%2525253D%252525252FAccount%252525252FLogin%252525253FReturnUrl%252525253D%25252525252FAccount%25252525252FLogin%25252525253FReturnUrl%25252525253D%2525252525252FAccount%2525252525252FLogin%2525252525253FReturnUrl%2525252525253D%252525252525252FAccount%252525252525252FLogin%252525252525253FReturnUrl%252525252525253D%25252525252525252FAccount%25252525252525252FLogin%25252525252525253FReturnUrl%25252525252525253D%2525252525252525252FAccount%2525252525252525252FLogin%2525252525252525253FReturnUrl%2525252525252525253D%252525252525252525252FAccount%252525252525252525252FLogin%252525252525252525253FReturnUrl%252525252525252525253D%25252525252525252525252FAccount%25252525252525252525252FLogin%25252525252525252525253FReturnUrl%25252525252525252525253D%2525252525252525252525252FAccount%2525252525252525252525252FLogin%2525252525252525252525253FReturnUrl%2525252525252525252525253D%252525252525252525252525252FAccount%252525252525252525252525252FLogin%252525252525252525252525253FReturnUrl%252525252525252525252525253D%25252525252525252525252525252FAccount%25252525252525252525252525252FLogin%25252525252525252525252525253FReturnUrl%25252525252525252525252525253D%2525252525252525252525252525252FAccount%2525252525252525252525252525252FLogin%2525252525252525252525252525253FReturnUrl%2525252525252525252525252525253D%252525252525252525252525252525252FAccount%252525252525252525252525252525252FLogin%252525252525252525252525252525253FReturnUrl%252525252525252525252525252525253D%25252525252525252525252525252525252FAccount%25252525252525252525252525252525252FLogin%25252525252525252525252525252525253FReturnUrl%25252525252525252525252525252525253D%2525252525252525252525252525252525252FAccount%2525252525252525252525252525252525252FLogin%2525252525252525252525252525252525253FReturnUrl%2525252525252525252525252525252525253D%252525252525252525252525252525252525252FAccount%252525252525252525252525252525252525252FLogin%252525252525252525252525252525252525253FReturnUrl%252525252525252525252525252525252525253D%25252525252525252525252525252525252525252FAccount%25252525252525252525252525252525252525252FLogin%25252525252525252525252525252525252525253FReturnUrl%25252525252525252525252525252525252525253D%2525252525252525252525252525252525252525252F - 302 0 null 5.5664ms
2025-11-12 15:04:46.719 -03:00 [INF] Request starting HTTP/2 GET https://localhost:7173/Account/Login?ReturnUrl=%2FAccount%2FLogin%3FReturnUrl%3D%252FAccount%252FLogin%253FReturnUrl%253D%25252FAccount%25252FLogin%25253FReturnUrl%25253D%2525252FAccount%2525252FLogin%2525253FReturnUrl%2525253D%252525252FAccount%252525252FLogin%252525253FReturnUrl%252525253D%25252525252FAccount%25252525252FLogin%25252525253FReturnUrl%25252525253D%2525252525252FAccount%2525252525252FLogin%2525252525253FReturnUrl%2525252525253D%252525252525252FAccount%252525252525252FLogin%252525252525253FReturnUrl%252525252525253D%25252525252525252FAccount%25252525252525252FLogin%25252525252525253FReturnUrl%25252525252525253D%2525252525252525252FAccount%2525252525252525252FLogin%2525252525252525253FReturnUrl%2525252525252525253D%252525252525252525252FAccount%252525252525252525252FLogin%252525252525252525253FReturnUrl%252525252525252525253D%25252525252525252525252FAccount%25252525252525252525252FLogin%25252525252525252525253FReturnUrl%25252525252525252525253D%2525252525252525252525252FAccount%2525252525252525252525252FLogin%2525252525252525252525253FReturnUrl%2525252525252525252525253D%252525252525252525252525252FAccount%252525252525252525252525252FLogin%252525252525252525252525253FReturnUrl%252525252525252525252525253D%25252525252525252525252525252FAccount%25252525252525252525252525252FLogin%25252525252525252525252525253FReturnUrl%25252525252525252525252525253D%2525252525252525252525252525252FAccount%2525252525252525252525252525252FLogin%2525252525252525252525252525253FReturnUrl%2525252525252525252525252525253D%252525252525252525252525252525252FAccount%252525252525252525252525252525252FLogin%252525252525252525252525252525253FReturnUrl%252525252525252525252525252525253D%25252525252525252525252525252525252FAccount%25252525252525252525252525252525252FLogin%25252525252525252525252525252525253FReturnUrl%25252525252525252525252525252525253D%2525252525252525252525252525252525252FAccount%2525252525252525252525252525252525252FLogin%2525252525252525252525252525252525253FReturnUrl%2525252525252525252525252525252525253D%252525252525252525252525252525252525252FAccount%252525252525252525252525252525252525252FLogin%252525252525252525252525252525252525253FReturnUrl%252525252525252525252525252525252525253D%25252525252525252525252525252525252525252FAccount%25252525252525252525252525252525252525252FLogin%25252525252525252525252525252525252525253FReturnUrl%25252525252525252525252525252525252525253D%2525252525252525252525252525252525252525252FAccount%2525252525252525252525252525252525252525252FLogin%2525252525252525252525252525252525252525253FReturnUrl%2525252525252525252525252525252525252525253D%252525252525252525252525252525252525252525252F - null null
2025-11-12 15:04:46.722 -03:00 [INF] Authorization failed. These requirements were not met:
DenyAnonymousAuthorizationRequirement: Requires an authenticated user.
2025-11-12 15:04:46.723 -03:00 [INF] AuthenticationScheme: Cookies was challenged.
2025-11-12 15:04:46.724 -03:00 [INF] Request finished HTTP/2 GET https://localhost:7173/Account/Login?ReturnUrl=%2FAccount%2FLogin%3FReturnUrl%3D%252FAccount%252FLogin%253FReturnUrl%253D%25252FAccount%25252FLogin%25253FReturnUrl%25253D%2525252FAccount%2525252FLogin%2525253FReturnUrl%2525253D%252525252FAccount%252525252FLogin%252525253FReturnUrl%252525253D%25252525252FAccount%25252525252FLogin%25252525253FReturnUrl%25252525253D%2525252525252FAccount%2525252525252FLogin%2525252525253FReturnUrl%2525252525253D%252525252525252FAccount%252525252525252FLogin%252525252525253FReturnUrl%252525252525253D%25252525252525252FAccount%25252525252525252FLogin%25252525252525253FReturnUrl%25252525252525253D%2525252525252525252FAccount%2525252525252525252FLogin%2525252525252525253FReturnUrl%2525252525252525253D%252525252525252525252FAccount%252525252525252525252FLogin%252525252525252525253FReturnUrl%252525252525252525253D%25252525252525252525252FAccount%25252525252525252525252FLogin%25252525252525252525253FReturnUrl%25252525252525252525253D%2525252525252525252525252FAccount%2525252525252525252525252FLogin%2525252525252525252525253FReturnUrl%2525252525252525252525253D%252525252525252525252525252FAccount%252525252525252525252525252FLogin%252525252525252525252525253FReturnUrl%252525252525252525252525253D%25252525252525252525252525252FAccount%25252525252525252525252525252FLogin%25252525252525252525252525253FReturnUrl%25252525252525252525252525253D%2525252525252525252525252525252FAccount%2525252525252525252525252525252FLogin%2525252525252525252525252525253FReturnUrl%2525252525252525252525252525253D%252525252525252525252525252525252FAccount%252525252525252525252525252525252FLogin%252525252525252525252525252525253FReturnUrl%252525252525252525252525252525253D%25252525252525252525252525252525252FAccount%25252525252525252525252525252525252FLogin%25252525252525252525252525252525253FReturnUrl%25252525252525252525252525252525253D%2525252525252525252525252525252525252FAccount%2525252525252525252525252525252525252FLogin%2525252525252525252525252525252525253FReturnUrl%2525252525252525252525252525252525253D%252525252525252525252525252525252525252FAccount%252525252525252525252525252525252525252FLogin%252525252525252525252525252525252525253FReturnUrl%252525252525252525252525252525252525253D%25252525252525252525252525252525252525252FAccount%25252525252525252525252525252525252525252FLogin%25252525252525252525252525252525252525253FReturnUrl%25252525252525252525252525252525252525253D%2525252525252525252525252525252525252525252FAccount%2525252525252525252525252525252525252525252FLogin%2525252525252525252525252525252525252525253FReturnUrl%2525252525252525252525252525252525252525253D%252525252525252525252525252525252525252525252F - 302 0 null 5.0158ms
2025-11-12 15:04:46.727 -03:00 [INF] Request starting HTTP/2 GET https://localhost:7173/Account/Login?ReturnUrl=%2FAccount%2FLogin%3FReturnUrl%3D%252FAccount%252FLogin%253FReturnUrl%253D%25252FAccount%25252FLogin%25253FReturnUrl%25253D%2525252FAccount%2525252FLogin%2525253FReturnUrl%2525253D%252525252FAccount%252525252FLogin%252525253FReturnUrl%252525253D%25252525252FAccount%25252525252FLogin%25252525253FReturnUrl%25252525253D%2525252525252FAccount%2525252525252FLogin%2525252525253FReturnUrl%2525252525253D%252525252525252FAccount%252525252525252FLogin%252525252525253FReturnUrl%252525252525253D%25252525252525252FAccount%25252525252525252FLogin%25252525252525253FReturnUrl%25252525252525253D%2525252525252525252FAccount%2525252525252525252FLogin%2525252525252525253FReturnUrl%2525252525252525253D%252525252525252525252FAccount%252525252525252525252FLogin%252525252525252525253FReturnUrl%252525252525252525253D%25252525252525252525252FAccount%25252525252525252525252FLogin%25252525252525252525253FReturnUrl%25252525252525252525253D%2525252525252525252525252FAccount%2525252525252525252525252FLogin%2525252525252525252525253FReturnUrl%2525252525252525252525253D%252525252525252525252525252FAccount%252525252525252525252525252FLogin%252525252525252525252525253FReturnUrl%252525252525252525252525253D%25252525252525252525252525252FAccount%25252525252525252525252525252FLogin%25252525252525252525252525253FReturnUrl%25252525252525252525252525253D%2525252525252525252525252525252FAccount%2525252525252525252525252525252FLogin%2525252525252525252525252525253FReturnUrl%2525252525252525252525252525253D%252525252525252525252525252525252FAccount%252525252525252525252525252525252FLogin%252525252525252525252525252525253FReturnUrl%252525252525252525252525252525253D%25252525252525252525252525252525252FAccount%25252525252525252525252525252525252FLogin%25252525252525252525252525252525253FReturnUrl%25252525252525252525252525252525253D%2525252525252525252525252525252525252FAccount%2525252525252525252525252525252525252FLogin%2525252525252525252525252525252525253FReturnUrl%2525252525252525252525252525252525253D%252525252525252525252525252525252525252FAccount%252525252525252525252525252525252525252FLogin%252525252525252525252525252525252525253FReturnUrl%252525252525252525252525252525252525253D%25252525252525252525252525252525252525252FAccount%25252525252525252525252525252525252525252FLogin%25252525252525252525252525252525252525253FReturnUrl%25252525252525252525252525252525252525253D%2525252525252525252525252525252525252525252FAccount%2525252525252525252525252525252525252525252FLogin%2525252525252525252525252525252525252525253FReturnUrl%2525252525252525252525252525252525252525253D%252525252525252525252525252525252525252525252FAccount%252525252525252525252525252525252525252525252FLogin%252525252525252525252525252525252525252525253FReturnUrl%252525252525252525252525252525252525252525253D%25252525252525252525252525252525252525252525252F - null null
2025-11-12 15:04:46.731 -03:00 [INF] Authorization failed. These requirements were not met:
DenyAnonymousAuthorizationRequirement: Requires an authenticated user.
2025-11-12 15:04:46.732 -03:00 [INF] AuthenticationScheme: Cookies was challenged.
2025-11-12 15:04:46.732 -03:00 [INF] Request finished HTTP/2 GET https://localhost:7173/Account/Login?ReturnUrl=%2FAccount%2FLogin%3FReturnUrl%3D%252FAccount%252FLogin%253FReturnUrl%253D%25252FAccount%25252FLogin%25253FReturnUrl%25253D%2525252FAccount%2525252FLogin%2525253FReturnUrl%2525253D%252525252FAccount%252525252FLogin%252525253FReturnUrl%252525253D%25252525252FAccount%25252525252FLogin%25252525253FReturnUrl%25252525253D%2525252525252FAccount%2525252525252FLogin%2525252525253FReturnUrl%2525252525253D%252525252525252FAccount%252525252525252FLogin%252525252525253FReturnUrl%252525252525253D%25252525252525252FAccount%25252525252525252FLogin%25252525252525253FReturnUrl%25252525252525253D%2525252525252525252FAccount%2525252525252525252FLogin%2525252525252525253FReturnUrl%2525252525252525253D%252525252525252525252FAccount%252525252525252525252FLogin%252525252525252525253FReturnUrl%252525252525252525253D%25252525252525252525252FAccount%25252525252525252525252FLogin%25252525252525252525253FReturnUrl%25252525252525252525253D%2525252525252525252525252FAccount%2525252525252525252525252FLogin%2525252525252525252525253FReturnUrl%2525252525252525252525253D%252525252525252525252525252FAccount%252525252525252525252525252FLogin%252525252525252525252525253FReturnUrl%252525252525252525252525253D%25252525252525252525252525252FAccount%25252525252525252525252525252FLogin%25252525252525252525252525253FReturnUrl%25252525252525252525252525253D%2525252525252525252525252525252FAccount%2525252525252525252525252525252FLogin%2525252525252525252525252525253FReturnUrl%2525252525252525252525252525253D%252525252525252525252525252525252FAccount%252525252525252525252525252525252FLogin%252525252525252525252525252525253FReturnUrl%252525252525252525252525252525253D%25252525252525252525252525252525252FAccount%25252525252525252525252525252525252FLogin%25252525252525252525252525252525253FReturnUrl%25252525252525252525252525252525253D%2525252525252525252525252525252525252FAccount%2525252525252525252525252525252525252FLogin%2525252525252525252525252525252525253FReturnUrl%2525252525252525252525252525252525253D%252525252525252525252525252525252525252FAccount%252525252525252525252525252525252525252FLogin%252525252525252525252525252525252525253FReturnUrl%252525252525252525252525252525252525253D%25252525252525252525252525252525252525252FAccount%25252525252525252525252525252525252525252FLogin%25252525252525252525252525252525252525253FReturnUrl%25252525252525252525252525252525252525253D%2525252525252525252525252525252525252525252FAccount%2525252525252525252525252525252525252525252FLogin%2525252525252525252525252525252525252525253FReturnUrl%2525252525252525252525252525252525252525253D%252525252525252525252525252525252525252525252FAccount%252525252525252525252525252525252525252525252FLogin%252525252525252525252525252525252525252525253FReturnUrl%252525252525252525252525252525252525252525253D%25252525252525252525252525252525252525252525252F - 302 0 null 5.5782ms
2025-11-12 15:04:46.737 -03:00 [INF] Request starting HTTP/2 GET https://localhost:7173/Account/Login?ReturnUrl=%2FAccount%2FLogin%3FReturnUrl%3D%252FAccount%252FLogin%253FReturnUrl%253D%25252FAccount%25252FLogin%25253FReturnUrl%25253D%2525252FAccount%2525252FLogin%2525253FReturnUrl%2525253D%252525252FAccount%252525252FLogin%252525253FReturnUrl%252525253D%25252525252FAccount%25252525252FLogin%25252525253FReturnUrl%25252525253D%2525252525252FAccount%2525252525252FLogin%2525252525253FReturnUrl%2525252525253D%252525252525252FAccount%252525252525252FLogin%252525252525253FReturnUrl%252525252525253D%25252525252525252FAccount%25252525252525252FLogin%25252525252525253FReturnUrl%25252525252525253D%2525252525252525252FAccount%2525252525252525252FLogin%2525252525252525253FReturnUrl%2525252525252525253D%252525252525252525252FAccount%252525252525252525252FLogin%252525252525252525253FReturnUrl%252525252525252525253D%25252525252525252525252FAccount%25252525252525252525252FLogin%25252525252525252525253FReturnUrl%25252525252525252525253D%2525252525252525252525252FAccount%2525252525252525252525252FLogin%2525252525252525252525253FReturnUrl%2525252525252525252525253D%252525252525252525252525252FAccount%252525252525252525252525252FLogin%252525252525252525252525253FReturnUrl%252525252525252525252525253D%25252525252525252525252525252FAccount%25252525252525252525252525252FLogin%25252525252525252525252525253FReturnUrl%25252525252525252525252525253D%2525252525252525252525252525252FAccount%2525252525252525252525252525252FLogin%2525252525252525252525252525253FReturnUrl%2525252525252525252525252525253D%252525252525252525252525252525252FAccount%252525252525252525252525252525252FLogin%252525252525252525252525252525253FReturnUrl%252525252525252525252525252525253D%25252525252525252525252525252525252FAccount%25252525252525252525252525252525252FLogin%25252525252525252525252525252525253FReturnUrl%25252525252525252525252525252525253D%2525252525252525252525252525252525252FAccount%2525252525252525252525252525252525252FLogin%2525252525252525252525252525252525253FReturnUrl%2525252525252525252525252525252525253D%252525252525252525252525252525252525252FAccount%252525252525252525252525252525252525252FLogin%252525252525252525252525252525252525253FReturnUrl%252525252525252525252525252525252525253D%25252525252525252525252525252525252525252FAccount%25252525252525252525252525252525252525252FLogin%25252525252525252525252525252525252525253FReturnUrl%25252525252525252525252525252525252525253D%2525252525252525252525252525252525252525252FAccount%2525252525252525252525252525252525252525252FLogin%2525252525252525252525252525252525252525253FReturnUrl%2525252525252525252525252525252525252525253D%252525252525252525252525252525252525252525252FAccount%252525252525252525252525252525252525252525252FLogin%252525252525252525252525252525252525252525253FReturnUrl%252525252525252525252525252525252525252525253D%25252525252525252525252525252525252525252525252FAccount%25252525252525252525252525252525252525252525252FLogin%25252525252525252525252525252525252525252525253FReturnUrl%25252525252525252525252525252525252525252525253D%2525252525252525252525252525252525252525252525252F - null null
2025-11-12 15:04:46.741 -03:00 [INF] Authorization failed. These requirements were not met:
DenyAnonymousAuthorizationRequirement: Requires an authenticated user.
2025-11-12 15:04:46.742 -03:00 [INF] AuthenticationScheme: Cookies was challenged.
2025-11-12 15:04:46.742 -03:00 [INF] Request finished HTTP/2 GET https://localhost:7173/Account/Login?ReturnUrl=%2FAccount%2FLogin%3FReturnUrl%3D%252FAccount%252FLogin%253FReturnUrl%253D%25252FAccount%25252FLogin%25253FReturnUrl%25253D%2525252FAccount%2525252FLogin%2525253FReturnUrl%2525253D%252525252FAccount%252525252FLogin%252525253FReturnUrl%252525253D%25252525252FAccount%25252525252FLogin%25252525253FReturnUrl%25252525253D%2525252525252FAccount%2525252525252FLogin%2525252525253FReturnUrl%2525252525253D%252525252525252FAccount%252525252525252FLogin%252525252525253FReturnUrl%252525252525253D%25252525252525252FAccount%25252525252525252FLogin%25252525252525253FReturnUrl%25252525252525253D%2525252525252525252FAccount%2525252525252525252FLogin%2525252525252525253FReturnUrl%2525252525252525253D%252525252525252525252FAccount%252525252525252525252FLogin%252525252525252525253FReturnUrl%252525252525252525253D%25252525252525252525252FAccount%25252525252525252525252FLogin%25252525252525252525253FReturnUrl%25252525252525252525253D%2525252525252525252525252FAccount%2525252525252525252525252FLogin%2525252525252525252525253FReturnUrl%2525252525252525252525253D%252525252525252525252525252FAccount%252525252525252525252525252FLogin%252525252525252525252525253FReturnUrl%252525252525252525252525253D%25252525252525252525252525252FAccount%25252525252525252525252525252FLogin%25252525252525252525252525253FReturnUrl%25252525252525252525252525253D%2525252525252525252525252525252FAccount%2525252525252525252525252525252FLogin%2525252525252525252525252525253FReturnUrl%2525252525252525252525252525253D%252525252525252525252525252525252FAccount%252525252525252525252525252525252FLogin%252525252525252525252525252525253FReturnUrl%252525252525252525252525252525253D%25252525252525252525252525252525252FAccount%25252525252525252525252525252525252FLogin%25252525252525252525252525252525253FReturnUrl%25252525252525252525252525252525253D%2525252525252525252525252525252525252FAccount%2525252525252525252525252525252525252FLogin%2525252525252525252525252525252525253FReturnUrl%2525252525252525252525252525252525253D%252525252525252525252525252525252525252FAccount%252525252525252525252525252525252525252FLogin%252525252525252525252525252525252525253FReturnUrl%252525252525252525252525252525252525253D%25252525252525252525252525252525252525252FAccount%25252525252525252525252525252525252525252FLogin%25252525252525252525252525252525252525253FReturnUrl%25252525252525252525252525252525252525253D%2525252525252525252525252525252525252525252FAccount%2525252525252525252525252525252525252525252FLogin%2525252525252525252525252525252525252525253FReturnUrl%2525252525252525252525252525252525252525253D%252525252525252525252525252525252525252525252FAccount%252525252525252525252525252525252525252525252FLogin%252525252525252525252525252525252525252525253FReturnUrl%252525252525252525252525252525252525252525253D%25252525252525252525252525252525252525252525252FAccount%25252525252525252525252525252525252525252525252FLogin%25252525252525252525252525252525252525252525253FReturnUrl%25252525252525252525252525252525252525252525253D%2525252525252525252525252525252525252525252525252F - 302 0 null 5.3606ms
2025-11-12 15:04:46.745 -03:00 [INF] Request starting HTTP/2 GET https://localhost:7173/Account/Login?ReturnUrl=%2FAccount%2FLogin%3FReturnUrl%3D%252FAccount%252FLogin%253FReturnUrl%253D%25252FAccount%25252FLogin%25253FReturnUrl%25253D%2525252FAccount%2525252FLogin%2525253FReturnUrl%2525253D%252525252FAccount%252525252FLogin%252525253FReturnUrl%252525253D%25252525252FAccount%25252525252FLogin%25252525253FReturnUrl%25252525253D%2525252525252FAccount%2525252525252FLogin%2525252525253FReturnUrl%2525252525253D%252525252525252FAccount%252525252525252FLogin%252525252525253FReturnUrl%252525252525253D%25252525252525252FAccount%25252525252525252FLogin%25252525252525253FReturnUrl%25252525252525253D%2525252525252525252FAccount%2525252525252525252FLogin%2525252525252525253FReturnUrl%2525252525252525253D%252525252525252525252FAccount%252525252525252525252FLogin%252525252525252525253FReturnUrl%252525252525252525253D%25252525252525252525252FAccount%25252525252525252525252FLogin%25252525252525252525253FReturnUrl%25252525252525252525253D%2525252525252525252525252FAccount%2525252525252525252525252FLogin%2525252525252525252525253FReturnUrl%2525252525252525252525253D%252525252525252525252525252FAccount%252525252525252525252525252FLogin%252525252525252525252525253FReturnUrl%252525252525252525252525253D%25252525252525252525252525252FAccount%25252525252525252525252525252FLogin%25252525252525252525252525253FReturnUrl%25252525252525252525252525253D%2525252525252525252525252525252FAccount%2525252525252525252525252525252FLogin%2525252525252525252525252525253FReturnUrl%2525252525252525252525252525253D%252525252525252525252525252525252FAccount%252525252525252525252525252525252FLogin%252525252525252525252525252525253FReturnUrl%252525252525252525252525252525253D%25252525252525252525252525252525252FAccount%25252525252525252525252525252525252FLogin%25252525252525252525252525252525253FReturnUrl%25252525252525252525252525252525253D%2525252525252525252525252525252525252FAccount%2525252525252525252525252525252525252FLogin%2525252525252525252525252525252525253FReturnUrl%2525252525252525252525252525252525253D%252525252525252525252525252525252525252FAccount%252525252525252525252525252525252525252FLogin%252525252525252525252525252525252525253FReturnUrl%252525252525252525252525252525252525253D%25252525252525252525252525252525252525252FAccount%25252525252525252525252525252525252525252FLogin%25252525252525252525252525252525252525253FReturnUrl%25252525252525252525252525252525252525253D%2525252525252525252525252525252525252525252FAccount%2525252525252525252525252525252525252525252FLogin%2525252525252525252525252525252525252525253FReturnUrl%2525252525252525252525252525252525252525253D%252525252525252525252525252525252525252525252FAccount%252525252525252525252525252525252525252525252FLogin%252525252525252525252525252525252525252525253FReturnUrl%252525252525252525252525252525252525252525253D%25252525252525252525252525252525252525252525252FAccount%25252525252525252525252525252525252525252525252FLogin%25252525252525252525252525252525252525252525253FReturnUrl%25252525252525252525252525252525252525252525253D%2525252525252525252525252525252525252525252525252FAccount%2525252525252525252525252525252525252525252525252FLogin%2525252525252525252525252525252525252525252525253FReturnUrl%2525252525252525252525252525252525252525252525253D%252525252525252525252525252525252525252525252525252F - null null
2025-11-12 15:04:46.750 -03:00 [INF] Authorization failed. These requirements were not met:
DenyAnonymousAuthorizationRequirement: Requires an authenticated user.
2025-11-12 15:04:46.751 -03:00 [INF] AuthenticationScheme: Cookies was challenged.
2025-11-12 15:04:46.752 -03:00 [INF] Request finished HTTP/2 GET https://localhost:7173/Account/Login?ReturnUrl=%2FAccount%2FLogin%3FReturnUrl%3D%252FAccount%252FLogin%253FReturnUrl%253D%25252FAccount%25252FLogin%25253FReturnUrl%25253D%2525252FAccount%2525252FLogin%2525253FReturnUrl%2525253D%252525252FAccount%252525252FLogin%252525253FReturnUrl%252525253D%25252525252FAccount%25252525252FLogin%25252525253FReturnUrl%25252525253D%2525252525252FAccount%2525252525252FLogin%2525252525253FReturnUrl%2525252525253D%252525252525252FAccount%252525252525252FLogin%252525252525253FReturnUrl%252525252525253D%25252525252525252FAccount%25252525252525252FLogin%25252525252525253FReturnUrl%25252525252525253D%2525252525252525252FAccount%2525252525252525252FLogin%2525252525252525253FReturnUrl%2525252525252525253D%252525252525252525252FAccount%252525252525252525252FLogin%252525252525252525253FReturnUrl%252525252525252525253D%25252525252525252525252FAccount%25252525252525252525252FLogin%25252525252525252525253FReturnUrl%25252525252525252525253D%2525252525252525252525252FAccount%2525252525252525252525252FLogin%2525252525252525252525253FReturnUrl%2525252525252525252525253D%252525252525252525252525252FAccount%252525252525252525252525252FLogin%252525252525252525252525253FReturnUrl%252525252525252525252525253D%25252525252525252525252525252FAccount%25252525252525252525252525252FLogin%25252525252525252525252525253FReturnUrl%25252525252525252525252525253D%2525252525252525252525252525252FAccount%2525252525252525252525252525252FLogin%2525252525252525252525252525253FReturnUrl%2525252525252525252525252525253D%252525252525252525252525252525252FAccount%252525252525252525252525252525252FLogin%252525252525252525252525252525253FReturnUrl%252525252525252525252525252525253D%25252525252525252525252525252525252FAccount%25252525252525252525252525252525252FLogin%25252525252525252525252525252525253FReturnUrl%25252525252525252525252525252525253D%2525252525252525252525252525252525252FAccount%2525252525252525252525252525252525252FLogin%2525252525252525252525252525252525253FReturnUrl%2525252525252525252525252525252525253D%252525252525252525252525252525252525252FAccount%252525252525252525252525252525252525252FLogin%252525252525252525252525252525252525253FReturnUrl%252525252525252525252525252525252525253D%25252525252525252525252525252525252525252FAccount%25252525252525252525252525252525252525252FLogin%25252525252525252525252525252525252525253FReturnUrl%25252525252525252525252525252525252525253D%2525252525252525252525252525252525252525252FAccount%2525252525252525252525252525252525252525252FLogin%2525252525252525252525252525252525252525253FReturnUrl%2525252525252525252525252525252525252525253D%252525252525252525252525252525252525252525252FAccount%252525252525252525252525252525252525252525252FLogin%252525252525252525252525252525252525252525253FReturnUrl%252525252525252525252525252525252525252525253D%25252525252525252525252525252525252525252525252FAccount%25252525252525252525252525252525252525252525252FLogin%25252525252525252525252525252525252525252525253FReturnUrl%25252525252525252525252525252525252525252525253D%2525252525252525252525252525252525252525252525252FAccount%2525252525252525252525252525252525252525252525252FLogin%2525252525252525252525252525252525252525252525253FReturnUrl%2525252525252525252525252525252525252525252525253D%252525252525252525252525252525252525252525252525252F - 302 0 null 7.0984ms
2025-11-12 15:04:46.756 -03:00 [INF] Request starting HTTP/2 GET https://localhost:7173/Account/Login?ReturnUrl=%2FAccount%2FLogin%3FReturnUrl%3D%252FAccount%252FLogin%253FReturnUrl%253D%25252FAccount%25252FLogin%25253FReturnUrl%25253D%2525252FAccount%2525252FLogin%2525253FReturnUrl%2525253D%252525252FAccount%252525252FLogin%252525253FReturnUrl%252525253D%25252525252FAccount%25252525252FLogin%25252525253FReturnUrl%25252525253D%2525252525252FAccount%2525252525252FLogin%2525252525253FReturnUrl%2525252525253D%252525252525252FAccount%252525252525252FLogin%252525252525253FReturnUrl%252525252525253D%25252525252525252FAccount%25252525252525252FLogin%25252525252525253FReturnUrl%25252525252525253D%2525252525252525252FAccount%2525252525252525252FLogin%2525252525252525253FReturnUrl%2525252525252525253D%252525252525252525252FAccount%252525252525252525252FLogin%252525252525252525253FReturnUrl%252525252525252525253D%25252525252525252525252FAccount%25252525252525252525252FLogin%25252525252525252525253FReturnUrl%25252525252525252525253D%2525252525252525252525252FAccount%2525252525252525252525252FLogin%2525252525252525252525253FReturnUrl%2525252525252525252525253D%252525252525252525252525252FAccount%252525252525252525252525252FLogin%252525252525252525252525253FReturnUrl%252525252525252525252525253D%25252525252525252525252525252FAccount%25252525252525252525252525252FLogin%25252525252525252525252525253FReturnUrl%25252525252525252525252525253D%2525252525252525252525252525252FAccount%2525252525252525252525252525252FLogin%2525252525252525252525252525253FReturnUrl%2525252525252525252525252525253D%252525252525252525252525252525252FAccount%252525252525252525252525252525252FLogin%252525252525252525252525252525253FReturnUrl%252525252525252525252525252525253D%25252525252525252525252525252525252FAccount%25252525252525252525252525252525252FLogin%25252525252525252525252525252525253FReturnUrl%25252525252525252525252525252525253D%2525252525252525252525252525252525252FAccount%2525252525252525252525252525252525252FLogin%2525252525252525252525252525252525253FReturnUrl%2525252525252525252525252525252525253D%252525252525252525252525252525252525252FAccount%252525252525252525252525252525252525252FLogin%252525252525252525252525252525252525253FReturnUrl%252525252525252525252525252525252525253D%25252525252525252525252525252525252525252FAccount%25252525252525252525252525252525252525252FLogin%25252525252525252525252525252525252525253FReturnUrl%25252525252525252525252525252525252525253D%2525252525252525252525252525252525252525252FAccount%2525252525252525252525252525252525252525252FLogin%2525252525252525252525252525252525252525253FReturnUrl%2525252525252525252525252525252525252525253D%252525252525252525252525252525252525252525252FAccount%252525252525252525252525252525252525252525252FLogin%252525252525252525252525252525252525252525253FReturnUrl%252525252525252525252525252525252525252525253D%25252525252525252525252525252525252525252525252FAccount%25252525252525252525252525252525252525252525252FLogin%25252525252525252525252525252525252525252525253FReturnUrl%25252525252525252525252525252525252525252525253D%2525252525252525252525252525252525252525252525252FAccount%2525252525252525252525252525252525252525252525252FLogin%2525252525252525252525252525252525252525252525253FReturnUrl%2525252525252525252525252525252525252525252525253D%252525252525252525252525252525252525252525252525252FAccount%252525252525252525252525252525252525252525252525252FLogin%252525252525252525252525252525252525252525252525253FReturnUrl%252525252525252525252525252525252525252525252525253D%25252525252525252525252525252525252525252525252525252F - null null
2025-11-12 15:04:46.760 -03:00 [INF] Authorization failed. These requirements were not met:
DenyAnonymousAuthorizationRequirement: Requires an authenticated user.
2025-11-12 15:04:46.761 -03:00 [INF] AuthenticationScheme: Cookies was challenged.
2025-11-12 15:04:46.762 -03:00 [INF] Request finished HTTP/2 GET https://localhost:7173/Account/Login?ReturnUrl=%2FAccount%2FLogin%3FReturnUrl%3D%252FAccount%252FLogin%253FReturnUrl%253D%25252FAccount%25252FLogin%25253FReturnUrl%25253D%2525252FAccount%2525252FLogin%2525253FReturnUrl%2525253D%252525252FAccount%252525252FLogin%252525253FReturnUrl%252525253D%25252525252FAccount%25252525252FLogin%25252525253FReturnUrl%25252525253D%2525252525252FAccount%2525252525252FLogin%2525252525253FReturnUrl%2525252525253D%252525252525252FAccount%252525252525252FLogin%252525252525253FReturnUrl%252525252525253D%25252525252525252FAccount%25252525252525252FLogin%25252525252525253FReturnUrl%25252525252525253D%2525252525252525252FAccount%2525252525252525252FLogin%2525252525252525253FReturnUrl%2525252525252525253D%252525252525252525252FAccount%252525252525252525252FLogin%252525252525252525253FReturnUrl%252525252525252525253D%25252525252525252525252FAccount%25252525252525252525252FLogin%25252525252525252525253FReturnUrl%25252525252525252525253D%2525252525252525252525252FAccount%2525252525252525252525252FLogin%2525252525252525252525253FReturnUrl%2525252525252525252525253D%252525252525252525252525252FAccount%252525252525252525252525252FLogin%252525252525252525252525253FReturnUrl%252525252525252525252525253D%25252525252525252525252525252FAccount%25252525252525252525252525252FLogin%25252525252525252525252525253FReturnUrl%25252525252525252525252525253D%2525252525252525252525252525252FAccount%2525252525252525252525252525252FLogin%2525252525252525252525252525253FReturnUrl%2525252525252525252525252525253D%252525252525252525252525252525252FAccount%252525252525252525252525252525252FLogin%252525252525252525252525252525253FReturnUrl%252525252525252525252525252525253D%25252525252525252525252525252525252FAccount%25252525252525252525252525252525252FLogin%25252525252525252525252525252525253FReturnUrl%25252525252525252525252525252525253D%2525252525252525252525252525252525252FAccount%2525252525252525252525252525252525252FLogin%2525252525252525252525252525252525253FReturnUrl%2525252525252525252525252525252525253D%252525252525252525252525252525252525252FAccount%252525252525252525252525252525252525252FLogin%252525252525252525252525252525252525253FReturnUrl%252525252525252525252525252525252525253D%25252525252525252525252525252525252525252FAccount%25252525252525252525252525252525252525252FLogin%25252525252525252525252525252525252525253FReturnUrl%25252525252525252525252525252525252525253D%2525252525252525252525252525252525252525252FAccount%2525252525252525252525252525252525252525252FLogin%2525252525252525252525252525252525252525253FReturnUrl%2525252525252525252525252525252525252525253D%252525252525252525252525252525252525252525252FAccount%252525252525252525252525252525252525252525252FLogin%252525252525252525252525252525252525252525253FReturnUrl%252525252525252525252525252525252525252525253D%25252525252525252525252525252525252525252525252FAccount%25252525252525252525252525252525252525252525252FLogin%25252525252525252525252525252525252525252525253FReturnUrl%25252525252525252525252525252525252525252525253D%2525252525252525252525252525252525252525252525252FAccount%2525252525252525252525252525252525252525252525252FLogin%2525252525252525252525252525252525252525252525253FReturnUrl%2525252525252525252525252525252525252525252525253D%252525252525252525252525252525252525252525252525252FAccount%252525252525252525252525252525252525252525252525252FLogin%252525252525252525252525252525252525252525252525253FReturnUrl%252525252525252525252525252525252525252525252525253D%25252525252525252525252525252525252525252525252525252F - 302 0 null 5.3955ms
2025-11-12 15:04:46.765 -03:00 [INF] Request starting HTTP/2 GET https://localhost:7173/Account/Login?ReturnUrl=%2FAccount%2FLogin%3FReturnUrl%3D%252FAccount%252FLogin%253FReturnUrl%253D%25252FAccount%25252FLogin%25253FReturnUrl%25253D%2525252FAccount%2525252FLogin%2525253FReturnUrl%2525253D%252525252FAccount%252525252FLogin%252525253FReturnUrl%252525253D%25252525252FAccount%25252525252FLogin%25252525253FReturnUrl%25252525253D%2525252525252FAccount%2525252525252FLogin%2525252525253FReturnUrl%2525252525253D%252525252525252FAccount%252525252525252FLogin%252525252525253FReturnUrl%252525252525253D%25252525252525252FAccount%25252525252525252FLogin%25252525252525253FReturnUrl%25252525252525253D%2525252525252525252FAccount%2525252525252525252FLogin%2525252525252525253FReturnUrl%2525252525252525253D%252525252525252525252FAccount%252525252525252525252FLogin%252525252525252525253FReturnUrl%252525252525252525253D%25252525252525252525252FAccount%25252525252525252525252FLogin%25252525252525252525253FReturnUrl%25252525252525252525253D%2525252525252525252525252FAccount%2525252525252525252525252FLogin%2525252525252525252525253FReturnUrl%2525252525252525252525253D%252525252525252525252525252FAccount%252525252525252525252525252FLogin%252525252525252525252525253FReturnUrl%252525252525252525252525253D%25252525252525252525252525252FAccount%25252525252525252525252525252FLogin%25252525252525252525252525253FReturnUrl%25252525252525252525252525253D%2525252525252525252525252525252FAccount%2525252525252525252525252525252FLogin%2525252525252525252525252525253FReturnUrl%2525252525252525252525252525253D%252525252525252525252525252525252FAccount%252525252525252525252525252525252FLogin%252525252525252525252525252525253FReturnUrl%252525252525252525252525252525253D%25252525252525252525252525252525252FAccount%25252525252525252525252525252525252FLogin%25252525252525252525252525252525253FReturnUrl%25252525252525252525252525252525253D%2525252525252525252525252525252525252FAccount%2525252525252525252525252525252525252FLogin%2525252525252525252525252525252525253FReturnUrl%2525252525252525252525252525252525253D%252525252525252525252525252525252525252FAccount%252525252525252525252525252525252525252FLogin%252525252525252525252525252525252525253FReturnUrl%252525252525252525252525252525252525253D%25252525252525252525252525252525252525252FAccount%25252525252525252525252525252525252525252FLogin%25252525252525252525252525252525252525253FReturnUrl%25252525252525252525252525252525252525253D%2525252525252525252525252525252525252525252FAccount%2525252525252525252525252525252525252525252FLogin%2525252525252525252525252525252525252525253FReturnUrl%2525252525252525252525252525252525252525253D%252525252525252525252525252525252525252525252FAccount%252525252525252525252525252525252525252525252FLogin%252525252525252525252525252525252525252525253FReturnUrl%252525252525252525252525252525252525252525253D%25252525252525252525252525252525252525252525252FAccount%25252525252525252525252525252525252525252525252FLogin%25252525252525252525252525252525252525252525253FReturnUrl%25252525252525252525252525252525252525252525253D%2525252525252525252525252525252525252525252525252FAccount%2525252525252525252525252525252525252525252525252FLogin%2525252525252525252525252525252525252525252525253FReturnUrl%2525252525252525252525252525252525252525252525253D%252525252525252525252525252525252525252525252525252FAccount%252525252525252525252525252525252525252525252525252FLogin%252525252525252525252525252525252525252525252525253FReturnUrl%252525252525252525252525252525252525252525252525253D%25252525252525252525252525252525252525252525252525252FAccount%25252525252525252525252525252525252525252525252525252FLogin%25252525252525252525252525252525252525252525252525253FReturnUrl%25252525252525252525252525252525252525252525252525253D%2525252525252525252525252525252525252525252525252525252F - null null
2025-11-12 15:04:46.770 -03:00 [INF] Authorization failed. These requirements were not met:
DenyAnonymousAuthorizationRequirement: Requires an authenticated user.
2025-11-12 15:04:46.771 -03:00 [INF] AuthenticationScheme: Cookies was challenged.
2025-11-12 15:04:46.771 -03:00 [INF] Request finished HTTP/2 GET https://localhost:7173/Account/Login?ReturnUrl=%2FAccount%2FLogin%3FReturnUrl%3D%252FAccount%252FLogin%253FReturnUrl%253D%25252FAccount%25252FLogin%25253FReturnUrl%25253D%2525252FAccount%2525252FLogin%2525253FReturnUrl%2525253D%252525252FAccount%252525252FLogin%252525253FReturnUrl%252525253D%25252525252FAccount%25252525252FLogin%25252525253FReturnUrl%25252525253D%2525252525252FAccount%2525252525252FLogin%2525252525253FReturnUrl%2525252525253D%252525252525252FAccount%252525252525252FLogin%252525252525253FReturnUrl%252525252525253D%25252525252525252FAccount%25252525252525252FLogin%25252525252525253FReturnUrl%25252525252525253D%2525252525252525252FAccount%2525252525252525252FLogin%2525252525252525253FReturnUrl%2525252525252525253D%252525252525252525252FAccount%252525252525252525252FLogin%252525252525252525253FReturnUrl%252525252525252525253D%25252525252525252525252FAccount%25252525252525252525252FLogin%25252525252525252525253FReturnUrl%25252525252525252525253D%2525252525252525252525252FAccount%2525252525252525252525252FLogin%2525252525252525252525253FReturnUrl%2525252525252525252525253D%252525252525252525252525252FAccount%252525252525252525252525252FLogin%252525252525252525252525253FReturnUrl%252525252525252525252525253D%25252525252525252525252525252FAccount%25252525252525252525252525252FLogin%25252525252525252525252525253FReturnUrl%25252525252525252525252525253D%2525252525252525252525252525252FAccount%2525252525252525252525252525252FLogin%2525252525252525252525252525253FReturnUrl%2525252525252525252525252525253D%252525252525252525252525252525252FAccount%252525252525252525252525252525252FLogin%252525252525252525252525252525253FReturnUrl%252525252525252525252525252525253D%25252525252525252525252525252525252FAccount%25252525252525252525252525252525252FLogin%25252525252525252525252525252525253FReturnUrl%25252525252525252525252525252525253D%2525252525252525252525252525252525252FAccount%2525252525252525252525252525252525252FLogin%2525252525252525252525252525252525253FReturnUrl%2525252525252525252525252525252525253D%252525252525252525252525252525252525252FAccount%252525252525252525252525252525252525252FLogin%252525252525252525252525252525252525253FReturnUrl%252525252525252525252525252525252525253D%25252525252525252525252525252525252525252FAccount%25252525252525252525252525252525252525252FLogin%25252525252525252525252525252525252525253FReturnUrl%25252525252525252525252525252525252525253D%2525252525252525252525252525252525252525252FAccount%2525252525252525252525252525252525252525252FLogin%2525252525252525252525252525252525252525253FReturnUrl%2525252525252525252525252525252525252525253D%252525252525252525252525252525252525252525252FAccount%252525252525252525252525252525252525252525252FLogin%252525252525252525252525252525252525252525253FReturnUrl%252525252525252525252525252525252525252525253D%25252525252525252525252525252525252525252525252FAccount%25252525252525252525252525252525252525252525252FLogin%25252525252525252525252525252525252525252525253FReturnUrl%25252525252525252525252525252525252525252525253D%2525252525252525252525252525252525252525252525252FAccount%2525252525252525252525252525252525252525252525252FLogin%2525252525252525252525252525252525252525252525253FReturnUrl%2525252525252525252525252525252525252525252525253D%252525252525252525252525252525252525252525252525252FAccount%252525252525252525252525252525252525252525252525252FLogin%252525252525252525252525252525252525252525252525253FReturnUrl%252525252525252525252525252525252525252525252525253D%25252525252525252525252525252525252525252525252525252FAccount%25252525252525252525252525252525252525252525252525252FLogin%25252525252525252525252525252525252525252525252525253FReturnUrl%25252525252525252525252525252525252525252525252525253D%2525252525252525252525252525252525252525252525252525252F - 302 0 null 6.5369ms
2025-11-12 15:04:46.777 -03:00 [INF] Request starting HTTP/2 GET https://localhost:7173/Account/Login?ReturnUrl=%2FAccount%2FLogin%3FReturnUrl%3D%252FAccount%252FLogin%253FReturnUrl%253D%25252FAccount%25252FLogin%25253FReturnUrl%25253D%2525252FAccount%2525252FLogin%2525253FReturnUrl%2525253D%252525252FAccount%252525252FLogin%252525253FReturnUrl%252525253D%25252525252FAccount%25252525252FLogin%25252525253FReturnUrl%25252525253D%2525252525252FAccount%2525252525252FLogin%2525252525253FReturnUrl%2525252525253D%252525252525252FAccount%252525252525252FLogin%252525252525253FReturnUrl%252525252525253D%25252525252525252FAccount%25252525252525252FLogin%25252525252525253FReturnUrl%25252525252525253D%2525252525252525252FAccount%2525252525252525252FLogin%2525252525252525253FReturnUrl%2525252525252525253D%252525252525252525252FAccount%252525252525252525252FLogin%252525252525252525253FReturnUrl%252525252525252525253D%25252525252525252525252FAccount%25252525252525252525252FLogin%25252525252525252525253FReturnUrl%25252525252525252525253D%2525252525252525252525252FAccount%2525252525252525252525252FLogin%2525252525252525252525253FReturnUrl%2525252525252525252525253D%252525252525252525252525252FAccount%252525252525252525252525252FLogin%252525252525252525252525253FReturnUrl%252525252525252525252525253D%25252525252525252525252525252FAccount%25252525252525252525252525252FLogin%25252525252525252525252525253FReturnUrl%25252525252525252525252525253D%2525252525252525252525252525252FAccount%2525252525252525252525252525252FLogin%2525252525252525252525252525253FReturnUrl%2525252525252525252525252525253D%252525252525252525252525252525252FAccount%252525252525252525252525252525252FLogin%252525252525252525252525252525253FReturnUrl%252525252525252525252525252525253D%25252525252525252525252525252525252FAccount%25252525252525252525252525252525252FLogin%25252525252525252525252525252525253FReturnUrl%25252525252525252525252525252525253D%2525252525252525252525252525252525252FAccount%2525252525252525252525252525252525252FLogin%2525252525252525252525252525252525253FReturnUrl%2525252525252525252525252525252525253D%252525252525252525252525252525252525252FAccount%252525252525252525252525252525252525252FLogin%252525252525252525252525252525252525253FReturnUrl%252525252525252525252525252525252525253D%25252525252525252525252525252525252525252FAccount%25252525252525252525252525252525252525252FLogin%25252525252525252525252525252525252525253FReturnUrl%25252525252525252525252525252525252525253D%2525252525252525252525252525252525252525252FAccount%2525252525252525252525252525252525252525252FLogin%2525252525252525252525252525252525252525253FReturnUrl%2525252525252525252525252525252525252525253D%252525252525252525252525252525252525252525252FAccount%252525252525252525252525252525252525252525252FLogin%252525252525252525252525252525252525252525253FReturnUrl%252525252525252525252525252525252525252525253D%25252525252525252525252525252525252525252525252FAccount%25252525252525252525252525252525252525252525252FLogin%25252525252525252525252525252525252525252525253FReturnUrl%25252525252525252525252525252525252525252525253D%2525252525252525252525252525252525252525252525252FAccount%2525252525252525252525252525252525252525252525252FLogin%2525252525252525252525252525252525252525252525253FReturnUrl%2525252525252525252525252525252525252525252525253D%252525252525252525252525252525252525252525252525252FAccount%252525252525252525252525252525252525252525252525252FLogin%252525252525252525252525252525252525252525252525253FReturnUrl%252525252525252525252525252525252525252525252525253D%25252525252525252525252525252525252525252525252525252FAccount%25252525252525252525252525252525252525252525252525252FLogin%25252525252525252525252525252525252525252525252525253FReturnUrl%25252525252525252525252525252525252525252525252525253D%2525252525252525252525252525252525252525252525252525252FAccount%2525252525252525252525252525252525252525252525252525252FLogin%2525252525252525252525252525252525252525252525252525253FReturnUrl%2525252525252525252525252525252525252525252525252525253D%252525252525252525252525252525252525252525252525252525252F - null null
2025-11-12 15:04:46.781 -03:00 [INF] Authorization failed. These requirements were not met:
DenyAnonymousAuthorizationRequirement: Requires an authenticated user.
2025-11-12 15:04:46.782 -03:00 [INF] AuthenticationScheme: Cookies was challenged.
2025-11-12 15:04:46.782 -03:00 [INF] Request finished HTTP/2 GET https://localhost:7173/Account/Login?ReturnUrl=%2FAccount%2FLogin%3FReturnUrl%3D%252FAccount%252FLogin%253FReturnUrl%253D%25252FAccount%25252FLogin%25253FReturnUrl%25253D%2525252FAccount%2525252FLogin%2525253FReturnUrl%2525253D%252525252FAccount%252525252FLogin%252525253FReturnUrl%252525253D%25252525252FAccount%25252525252FLogin%25252525253FReturnUrl%25252525253D%2525252525252FAccount%2525252525252FLogin%2525252525253FReturnUrl%2525252525253D%252525252525252FAccount%252525252525252FLogin%252525252525253FReturnUrl%252525252525253D%25252525252525252FAccount%25252525252525252FLogin%25252525252525253FReturnUrl%25252525252525253D%2525252525252525252FAccount%2525252525252525252FLogin%2525252525252525253FReturnUrl%2525252525252525253D%252525252525252525252FAccount%252525252525252525252FLogin%252525252525252525253FReturnUrl%252525252525252525253D%25252525252525252525252FAccount%25252525252525252525252FLogin%25252525252525252525253FReturnUrl%25252525252525252525253D%2525252525252525252525252FAccount%2525252525252525252525252FLogin%2525252525252525252525253FReturnUrl%2525252525252525252525253D%252525252525252525252525252FAccount%252525252525252525252525252FLogin%252525252525252525252525253FReturnUrl%252525252525252525252525253D%25252525252525252525252525252FAccount%25252525252525252525252525252FLogin%25252525252525252525252525253FReturnUrl%25252525252525252525252525253D%2525252525252525252525252525252FAccount%2525252525252525252525252525252FLogin%2525252525252525252525252525253FReturnUrl%2525252525252525252525252525253D%252525252525252525252525252525252FAccount%252525252525252525252525252525252FLogin%252525252525252525252525252525253FReturnUrl%252525252525252525252525252525253D%25252525252525252525252525252525252FAccount%25252525252525252525252525252525252FLogin%25252525252525252525252525252525253FReturnUrl%25252525252525252525252525252525253D%2525252525252525252525252525252525252FAccount%2525252525252525252525252525252525252FLogin%2525252525252525252525252525252525253FReturnUrl%2525252525252525252525252525252525253D%252525252525252525252525252525252525252FAccount%252525252525252525252525252525252525252FLogin%252525252525252525252525252525252525253FReturnUrl%252525252525252525252525252525252525253D%25252525252525252525252525252525252525252FAccount%25252525252525252525252525252525252525252FLogin%25252525252525252525252525252525252525253FReturnUrl%25252525252525252525252525252525252525253D%2525252525252525252525252525252525252525252FAccount%2525252525252525252525252525252525252525252FLogin%2525252525252525252525252525252525252525253FReturnUrl%2525252525252525252525252525252525252525253D%252525252525252525252525252525252525252525252FAccount%252525252525252525252525252525252525252525252FLogin%252525252525252525252525252525252525252525253FReturnUrl%252525252525252525252525252525252525252525253D%25252525252525252525252525252525252525252525252FAccount%25252525252525252525252525252525252525252525252FLogin%25252525252525252525252525252525252525252525253FReturnUrl%25252525252525252525252525252525252525252525253D%2525252525252525252525252525252525252525252525252FAccount%2525252525252525252525252525252525252525252525252FLogin%2525252525252525252525252525252525252525252525253FReturnUrl%2525252525252525252525252525252525252525252525253D%252525252525252525252525252525252525252525252525252FAccount%252525252525252525252525252525252525252525252525252FLogin%252525252525252525252525252525252525252525252525253FReturnUrl%252525252525252525252525252525252525252525252525253D%25252525252525252525252525252525252525252525252525252FAccount%25252525252525252525252525252525252525252525252525252FLogin%25252525252525252525252525252525252525252525252525253FReturnUrl%25252525252525252525252525252525252525252525252525253D%2525252525252525252525252525252525252525252525252525252FAccount%2525252525252525252525252525252525252525252525252525252FLogin%2525252525252525252525252525252525252525252525252525253FReturnUrl%2525252525252525252525252525252525252525252525252525253D%252525252525252525252525252525252525252525252525252525252F - 302 0 null 5.1554ms
2025-11-12 15:04:46.787 -03:00 [INF] Request starting HTTP/2 GET https://localhost:7173/Account/Login?ReturnUrl=%2FAccount%2FLogin%3FReturnUrl%3D%252FAccount%252FLogin%253FReturnUrl%253D%25252FAccount%25252FLogin%25253FReturnUrl%25253D%2525252FAccount%2525252FLogin%2525253FReturnUrl%2525253D%252525252FAccount%252525252FLogin%252525253FReturnUrl%252525253D%25252525252FAccount%25252525252FLogin%25252525253FReturnUrl%25252525253D%2525252525252FAccount%2525252525252FLogin%2525252525253FReturnUrl%2525252525253D%252525252525252FAccount%252525252525252FLogin%252525252525253FReturnUrl%252525252525253D%25252525252525252FAccount%25252525252525252FLogin%25252525252525253FReturnUrl%25252525252525253D%2525252525252525252FAccount%2525252525252525252FLogin%2525252525252525253FReturnUrl%2525252525252525253D%252525252525252525252FAccount%252525252525252525252FLogin%252525252525252525253FReturnUrl%252525252525252525253D%25252525252525252525252FAccount%25252525252525252525252FLogin%25252525252525252525253FReturnUrl%25252525252525252525253D%2525252525252525252525252FAccount%2525252525252525252525252FLogin%2525252525252525252525253FReturnUrl%2525252525252525252525253D%252525252525252525252525252FAccount%252525252525252525252525252FLogin%252525252525252525252525253FReturnUrl%252525252525252525252525253D%25252525252525252525252525252FAccount%25252525252525252525252525252FLogin%25252525252525252525252525253FReturnUrl%25252525252525252525252525253D%2525252525252525252525252525252FAccount%2525252525252525252525252525252FLogin%2525252525252525252525252525253FReturnUrl%2525252525252525252525252525253D%252525252525252525252525252525252FAccount%252525252525252525252525252525252FLogin%252525252525252525252525252525253FReturnUrl%252525252525252525252525252525253D%25252525252525252525252525252525252FAccount%25252525252525252525252525252525252FLogin%25252525252525252525252525252525253FReturnUrl%25252525252525252525252525252525253D%2525252525252525252525252525252525252FAccount%2525252525252525252525252525252525252FLogin%2525252525252525252525252525252525253FReturnUrl%2525252525252525252525252525252525253D%252525252525252525252525252525252525252FAccount%252525252525252525252525252525252525252FLogin%252525252525252525252525252525252525253FReturnUrl%252525252525252525252525252525252525253D%25252525252525252525252525252525252525252FAccount%25252525252525252525252525252525252525252FLogin%25252525252525252525252525252525252525253FReturnUrl%25252525252525252525252525252525252525253D%2525252525252525252525252525252525252525252FAccount%2525252525252525252525252525252525252525252FLogin%2525252525252525252525252525252525252525253FReturnUrl%2525252525252525252525252525252525252525253D%252525252525252525252525252525252525252525252FAccount%252525252525252525252525252525252525252525252FLogin%252525252525252525252525252525252525252525253FReturnUrl%252525252525252525252525252525252525252525253D%25252525252525252525252525252525252525252525252FAccount%25252525252525252525252525252525252525252525252FLogin%25252525252525252525252525252525252525252525253FReturnUrl%25252525252525252525252525252525252525252525253D%2525252525252525252525252525252525252525252525252FAccount%2525252525252525252525252525252525252525252525252FLogin%2525252525252525252525252525252525252525252525253FReturnUrl%2525252525252525252525252525252525252525252525253D%252525252525252525252525252525252525252525252525252FAccount%252525252525252525252525252525252525252525252525252FLogin%252525252525252525252525252525252525252525252525253FReturnUrl%252525252525252525252525252525252525252525252525253D%25252525252525252525252525252525252525252525252525252FAccount%25252525252525252525252525252525252525252525252525252FLogin%25252525252525252525252525252525252525252525252525253FReturnUrl%25252525252525252525252525252525252525252525252525253D%2525252525252525252525252525252525252525252525252525252FAccount%2525252525252525252525252525252525252525252525252525252FLogin%2525252525252525252525252525252525252525252525252525253FReturnUrl%2525252525252525252525252525252525252525252525252525253D%252525252525252525252525252525252525252525252525252525252FAccount%252525252525252525252525252525252525252525252525252525252FLogin%252525252525252525252525252525252525252525252525252525253FReturnUrl%252525252525252525252525252525252525252525252525252525253D%25252525252525252525252525252525252525252525252525252525252F - null null
2025-11-12 15:04:46.791 -03:00 [INF] Authorization failed. These requirements were not met:
DenyAnonymousAuthorizationRequirement: Requires an authenticated user.
2025-11-12 15:04:46.791 -03:00 [INF] AuthenticationScheme: Cookies was challenged.
2025-11-12 15:04:46.792 -03:00 [INF] Request finished HTTP/2 GET https://localhost:7173/Account/Login?ReturnUrl=%2FAccount%2FLogin%3FReturnUrl%3D%252FAccount%252FLogin%253FReturnUrl%253D%25252FAccount%25252FLogin%25253FReturnUrl%25253D%2525252FAccount%2525252FLogin%2525253FReturnUrl%2525253D%252525252FAccount%252525252FLogin%252525253FReturnUrl%252525253D%25252525252FAccount%25252525252FLogin%25252525253FReturnUrl%25252525253D%2525252525252FAccount%2525252525252FLogin%2525252525253FReturnUrl%2525252525253D%252525252525252FAccount%252525252525252FLogin%252525252525253FReturnUrl%252525252525253D%25252525252525252FAccount%25252525252525252FLogin%25252525252525253FReturnUrl%25252525252525253D%2525252525252525252FAccount%2525252525252525252FLogin%2525252525252525253FReturnUrl%2525252525252525253D%252525252525252525252FAccount%252525252525252525252FLogin%252525252525252525253FReturnUrl%252525252525252525253D%25252525252525252525252FAccount%25252525252525252525252FLogin%25252525252525252525253FReturnUrl%25252525252525252525253D%2525252525252525252525252FAccount%2525252525252525252525252FLogin%2525252525252525252525253FReturnUrl%2525252525252525252525253D%252525252525252525252525252FAccount%252525252525252525252525252FLogin%252525252525252525252525253FReturnUrl%252525252525252525252525253D%25252525252525252525252525252FAccount%25252525252525252525252525252FLogin%25252525252525252525252525253FReturnUrl%25252525252525252525252525253D%2525252525252525252525252525252FAccount%2525252525252525252525252525252FLogin%2525252525252525252525252525253FReturnUrl%2525252525252525252525252525253D%252525252525252525252525252525252FAccount%252525252525252525252525252525252FLogin%252525252525252525252525252525253FReturnUrl%252525252525252525252525252525253D%25252525252525252525252525252525252FAccount%25252525252525252525252525252525252FLogin%25252525252525252525252525252525253FReturnUrl%25252525252525252525252525252525253D%2525252525252525252525252525252525252FAccount%2525252525252525252525252525252525252FLogin%2525252525252525252525252525252525253FReturnUrl%2525252525252525252525252525252525253D%252525252525252525252525252525252525252FAccount%252525252525252525252525252525252525252FLogin%252525252525252525252525252525252525253FReturnUrl%252525252525252525252525252525252525253D%25252525252525252525252525252525252525252FAccount%25252525252525252525252525252525252525252FLogin%25252525252525252525252525252525252525253FReturnUrl%25252525252525252525252525252525252525253D%2525252525252525252525252525252525252525252FAccount%2525252525252525252525252525252525252525252FLogin%2525252525252525252525252525252525252525253FReturnUrl%2525252525252525252525252525252525252525253D%252525252525252525252525252525252525252525252FAccount%252525252525252525252525252525252525252525252FLogin%252525252525252525252525252525252525252525253FReturnUrl%252525252525252525252525252525252525252525253D%25252525252525252525252525252525252525252525252FAccount%25252525252525252525252525252525252525252525252FLogin%25252525252525252525252525252525252525252525253FReturnUrl%25252525252525252525252525252525252525252525253D%2525252525252525252525252525252525252525252525252FAccount%2525252525252525252525252525252525252525252525252FLogin%2525252525252525252525252525252525252525252525253FReturnUrl%2525252525252525252525252525252525252525252525253D%252525252525252525252525252525252525252525252525252FAccount%252525252525252525252525252525252525252525252525252FLogin%252525252525252525252525252525252525252525252525253FReturnUrl%252525252525252525252525252525252525252525252525253D%25252525252525252525252525252525252525252525252525252FAccount%25252525252525252525252525252525252525252525252525252FLogin%25252525252525252525252525252525252525252525252525253FReturnUrl%25252525252525252525252525252525252525252525252525253D%2525252525252525252525252525252525252525252525252525252FAccount%2525252525252525252525252525252525252525252525252525252FLogin%2525252525252525252525252525252525252525252525252525253FReturnUrl%2525252525252525252525252525252525252525252525252525253D%252525252525252525252525252525252525252525252525252525252FAccount%252525252525252525252525252525252525252525252525252525252FLogin%252525252525252525252525252525252525252525252525252525253FReturnUrl%252525252525252525252525252525252525252525252525252525253D%25252525252525252525252525252525252525252525252525252525252F - 302 0 null 5.5297ms
2025-11-12 15:04:46.795 -03:00 [INF] Request starting HTTP/2 GET https://localhost:7173/Account/Login?ReturnUrl=%2FAccount%2FLogin%3FReturnUrl%3D%252FAccount%252FLogin%253FReturnUrl%253D%25252FAccount%25252FLogin%25253FReturnUrl%25253D%2525252FAccount%2525252FLogin%2525253FReturnUrl%2525253D%252525252FAccount%252525252FLogin%252525253FReturnUrl%252525253D%25252525252FAccount%25252525252FLogin%25252525253FReturnUrl%25252525253D%2525252525252FAccount%2525252525252FLogin%2525252525253FReturnUrl%2525252525253D%252525252525252FAccount%252525252525252FLogin%252525252525253FReturnUrl%252525252525253D%25252525252525252FAccount%25252525252525252FLogin%25252525252525253FReturnUrl%25252525252525253D%2525252525252525252FAccount%2525252525252525252FLogin%2525252525252525253FReturnUrl%2525252525252525253D%252525252525252525252FAccount%252525252525252525252FLogin%252525252525252525253FReturnUrl%252525252525252525253D%25252525252525252525252FAccount%25252525252525252525252FLogin%25252525252525252525253FReturnUrl%25252525252525252525253D%2525252525252525252525252FAccount%2525252525252525252525252FLogin%2525252525252525252525253FReturnUrl%2525252525252525252525253D%252525252525252525252525252FAccount%252525252525252525252525252FLogin%252525252525252525252525253FReturnUrl%252525252525252525252525253D%25252525252525252525252525252FAccount%25252525252525252525252525252FLogin%25252525252525252525252525253FReturnUrl%25252525252525252525252525253D%2525252525252525252525252525252FAccount%2525252525252525252525252525252FLogin%2525252525252525252525252525253FReturnUrl%2525252525252525252525252525253D%252525252525252525252525252525252FAccount%252525252525252525252525252525252FLogin%252525252525252525252525252525253FReturnUrl%252525252525252525252525252525253D%25252525252525252525252525252525252FAccount%25252525252525252525252525252525252FLogin%25252525252525252525252525252525253FReturnUrl%25252525252525252525252525252525253D%2525252525252525252525252525252525252FAccount%2525252525252525252525252525252525252FLogin%2525252525252525252525252525252525253FReturnUrl%2525252525252525252525252525252525253D%252525252525252525252525252525252525252FAccount%252525252525252525252525252525252525252FLogin%252525252525252525252525252525252525253FReturnUrl%252525252525252525252525252525252525253D%25252525252525252525252525252525252525252FAccount%25252525252525252525252525252525252525252FLogin%25252525252525252525252525252525252525253FReturnUrl%25252525252525252525252525252525252525253D%2525252525252525252525252525252525252525252FAccount%2525252525252525252525252525252525252525252FLogin%2525252525252525252525252525252525252525253FReturnUrl%2525252525252525252525252525252525252525253D%252525252525252525252525252525252525252525252FAccount%252525252525252525252525252525252525252525252FLogin%252525252525252525252525252525252525252525253FReturnUrl%252525252525252525252525252525252525252525253D%25252525252525252525252525252525252525252525252FAccount%25252525252525252525252525252525252525252525252FLogin%25252525252525252525252525252525252525252525253FReturnUrl%25252525252525252525252525252525252525252525253D%2525252525252525252525252525252525252525252525252FAccount%2525252525252525252525252525252525252525252525252FLogin%2525252525252525252525252525252525252525252525253FReturnUrl%2525252525252525252525252525252525252525252525253D%252525252525252525252525252525252525252525252525252FAccount%252525252525252525252525252525252525252525252525252FLogin%252525252525252525252525252525252525252525252525253FReturnUrl%252525252525252525252525252525252525252525252525253D%25252525252525252525252525252525252525252525252525252FAccount%25252525252525252525252525252525252525252525252525252FLogin%25252525252525252525252525252525252525252525252525253FReturnUrl%25252525252525252525252525252525252525252525252525253D%2525252525252525252525252525252525252525252525252525252FAccount%2525252525252525252525252525252525252525252525252525252FLogin%2525252525252525252525252525252525252525252525252525253FReturnUrl%2525252525252525252525252525252525252525252525252525253D%252525252525252525252525252525252525252525252525252525252FAccount%252525252525252525252525252525252525252525252525252525252FLogin%252525252525252525252525252525252525252525252525252525253FReturnUrl%252525252525252525252525252525252525252525252525252525253D%25252525252525252525252525252525252525252525252525252525252FAccount%25252525252525252525252525252525252525252525252525252525252FLogin%25252525252525252525252525252525252525252525252525252525253FReturnUrl%25252525252525252525252525252525252525252525252525252525253D%2525252525252525252525252525252525252525252525252525252525252F - null null
2025-11-12 15:04:46.801 -03:00 [INF] Authorization failed. These requirements were not met:
DenyAnonymousAuthorizationRequirement: Requires an authenticated user.
2025-11-12 15:04:46.802 -03:00 [INF] AuthenticationScheme: Cookies was challenged.
2025-11-12 15:04:46.802 -03:00 [INF] Request finished HTTP/2 GET https://localhost:7173/Account/Login?ReturnUrl=%2FAccount%2FLogin%3FReturnUrl%3D%252FAccount%252FLogin%253FReturnUrl%253D%25252FAccount%25252FLogin%25253FReturnUrl%25253D%2525252FAccount%2525252FLogin%2525253FReturnUrl%2525253D%252525252FAccount%252525252FLogin%252525253FReturnUrl%252525253D%25252525252FAccount%25252525252FLogin%25252525253FReturnUrl%25252525253D%2525252525252FAccount%2525252525252FLogin%2525252525253FReturnUrl%2525252525253D%252525252525252FAccount%252525252525252FLogin%252525252525253FReturnUrl%252525252525253D%25252525252525252FAccount%25252525252525252FLogin%25252525252525253FReturnUrl%25252525252525253D%2525252525252525252FAccount%2525252525252525252FLogin%2525252525252525253FReturnUrl%2525252525252525253D%252525252525252525252FAccount%252525252525252525252FLogin%252525252525252525253FReturnUrl%252525252525252525253D%25252525252525252525252FAccount%25252525252525252525252FLogin%25252525252525252525253FReturnUrl%25252525252525252525253D%2525252525252525252525252FAccount%2525252525252525252525252FLogin%2525252525252525252525253FReturnUrl%2525252525252525252525253D%252525252525252525252525252FAccount%252525252525252525252525252FLogin%252525252525252525252525253FReturnUrl%252525252525252525252525253D%25252525252525252525252525252FAccount%25252525252525252525252525252FLogin%25252525252525252525252525253FReturnUrl%25252525252525252525252525253D%2525252525252525252525252525252FAccount%2525252525252525252525252525252FLogin%2525252525252525252525252525253FReturnUrl%2525252525252525252525252525253D%252525252525252525252525252525252FAccount%252525252525252525252525252525252FLogin%252525252525252525252525252525253FReturnUrl%252525252525252525252525252525253D%25252525252525252525252525252525252FAccount%25252525252525252525252525252525252FLogin%25252525252525252525252525252525253FReturnUrl%25252525252525252525252525252525253D%2525252525252525252525252525252525252FAccount%2525252525252525252525252525252525252FLogin%2525252525252525252525252525252525253FReturnUrl%2525252525252525252525252525252525253D%252525252525252525252525252525252525252FAccount%252525252525252525252525252525252525252FLogin%252525252525252525252525252525252525253FReturnUrl%252525252525252525252525252525252525253D%25252525252525252525252525252525252525252FAccount%25252525252525252525252525252525252525252FLogin%25252525252525252525252525252525252525253FReturnUrl%25252525252525252525252525252525252525253D%2525252525252525252525252525252525252525252FAccount%2525252525252525252525252525252525252525252FLogin%2525252525252525252525252525252525252525253FReturnUrl%2525252525252525252525252525252525252525253D%252525252525252525252525252525252525252525252FAccount%252525252525252525252525252525252525252525252FLogin%252525252525252525252525252525252525252525253FReturnUrl%252525252525252525252525252525252525252525253D%25252525252525252525252525252525252525252525252FAccount%25252525252525252525252525252525252525252525252FLogin%25252525252525252525252525252525252525252525253FReturnUrl%25252525252525252525252525252525252525252525253D%2525252525252525252525252525252525252525252525252FAccount%2525252525252525252525252525252525252525252525252FLogin%2525252525252525252525252525252525252525252525253FReturnUrl%2525252525252525252525252525252525252525252525253D%252525252525252525252525252525252525252525252525252FAccount%252525252525252525252525252525252525252525252525252FLogin%252525252525252525252525252525252525252525252525253FReturnUrl%252525252525252525252525252525252525252525252525253D%25252525252525252525252525252525252525252525252525252FAccount%25252525252525252525252525252525252525252525252525252FLogin%25252525252525252525252525252525252525252525252525253FReturnUrl%25252525252525252525252525252525252525252525252525253D%2525252525252525252525252525252525252525252525252525252FAccount%2525252525252525252525252525252525252525252525252525252FLogin%2525252525252525252525252525252525252525252525252525253FReturnUrl%2525252525252525252525252525252525252525252525252525253D%252525252525252525252525252525252525252525252525252525252FAccount%252525252525252525252525252525252525252525252525252525252FLogin%252525252525252525252525252525252525252525252525252525253FReturnUrl%252525252525252525252525252525252525252525252525252525253D%25252525252525252525252525252525252525252525252525252525252FAccount%25252525252525252525252525252525252525252525252525252525252FLogin%25252525252525252525252525252525252525252525252525252525253FReturnUrl%25252525252525252525252525252525252525252525252525252525253D%2525252525252525252525252525252525252525252525252525252525252F - 302 0 null 6.9798ms
2025-11-12 15:04:46.806 -03:00 [INF] Request starting HTTP/2 GET https://localhost:7173/Account/Login?ReturnUrl=%2FAccount%2FLogin%3FReturnUrl%3D%252FAccount%252FLogin%253FReturnUrl%253D%25252FAccount%25252FLogin%25253FReturnUrl%25253D%2525252FAccount%2525252FLogin%2525253FReturnUrl%2525253D%252525252FAccount%252525252FLogin%252525253FReturnUrl%252525253D%25252525252FAccount%25252525252FLogin%25252525253FReturnUrl%25252525253D%2525252525252FAccount%2525252525252FLogin%2525252525253FReturnUrl%2525252525253D%252525252525252FAccount%252525252525252FLogin%252525252525253FReturnUrl%252525252525253D%25252525252525252FAccount%25252525252525252FLogin%25252525252525253FReturnUrl%25252525252525253D%2525252525252525252FAccount%2525252525252525252FLogin%2525252525252525253FReturnUrl%2525252525252525253D%252525252525252525252FAccount%252525252525252525252FLogin%252525252525252525253FReturnUrl%252525252525252525253D%25252525252525252525252FAccount%25252525252525252525252FLogin%25252525252525252525253FReturnUrl%25252525252525252525253D%2525252525252525252525252FAccount%2525252525252525252525252FLogin%2525252525252525252525253FReturnUrl%2525252525252525252525253D%252525252525252525252525252FAccount%252525252525252525252525252FLogin%252525252525252525252525253FReturnUrl%252525252525252525252525253D%25252525252525252525252525252FAccount%25252525252525252525252525252FLogin%25252525252525252525252525253FReturnUrl%25252525252525252525252525253D%2525252525252525252525252525252FAccount%2525252525252525252525252525252FLogin%2525252525252525252525252525253FReturnUrl%2525252525252525252525252525253D%252525252525252525252525252525252FAccount%252525252525252525252525252525252FLogin%252525252525252525252525252525253FReturnUrl%252525252525252525252525252525253D%25252525252525252525252525252525252FAccount%25252525252525252525252525252525252FLogin%25252525252525252525252525252525253FReturnUrl%25252525252525252525252525252525253D%2525252525252525252525252525252525252FAccount%2525252525252525252525252525252525252FLogin%2525252525252525252525252525252525253FReturnUrl%2525252525252525252525252525252525253D%252525252525252525252525252525252525252FAccount%252525252525252525252525252525252525252FLogin%252525252525252525252525252525252525253FReturnUrl%252525252525252525252525252525252525253D%25252525252525252525252525252525252525252FAccount%25252525252525252525252525252525252525252FLogin%25252525252525252525252525252525252525253FReturnUrl%25252525252525252525252525252525252525253D%2525252525252525252525252525252525252525252FAccount%2525252525252525252525252525252525252525252FLogin%2525252525252525252525252525252525252525253FReturnUrl%2525252525252525252525252525252525252525253D%252525252525252525252525252525252525252525252FAccount%252525252525252525252525252525252525252525252FLogin%252525252525252525252525252525252525252525253FReturnUrl%252525252525252525252525252525252525252525253D%25252525252525252525252525252525252525252525252FAccount%25252525252525252525252525252525252525252525252FLogin%25252525252525252525252525252525252525252525253FReturnUrl%25252525252525252525252525252525252525252525253D%2525252525252525252525252525252525252525252525252FAccount%2525252525252525252525252525252525252525252525252FLogin%2525252525252525252525252525252525252525252525253FReturnUrl%2525252525252525252525252525252525252525252525253D%252525252525252525252525252525252525252525252525252FAccount%252525252525252525252525252525252525252525252525252FLogin%252525252525252525252525252525252525252525252525253FReturnUrl%252525252525252525252525252525252525252525252525253D%25252525252525252525252525252525252525252525252525252FAccount%25252525252525252525252525252525252525252525252525252FLogin%25252525252525252525252525252525252525252525252525253FReturnUrl%25252525252525252525252525252525252525252525252525253D%2525252525252525252525252525252525252525252525252525252FAccount%2525252525252525252525252525252525252525252525252525252FLogin%2525252525252525252525252525252525252525252525252525253FReturnUrl%2525252525252525252525252525252525252525252525252525253D%252525252525252525252525252525252525252525252525252525252FAccount%252525252525252525252525252525252525252525252525252525252FLogin%252525252525252525252525252525252525252525252525252525253FReturnUrl%252525252525252525252525252525252525252525252525252525253D%25252525252525252525252525252525252525252525252525252525252FAccount%25252525252525252525252525252525252525252525252525252525252FLogin%25252525252525252525252525252525252525252525252525252525253FReturnUrl%25252525252525252525252525252525252525252525252525252525253D%2525252525252525252525252525252525252525252525252525252525252FAccount%2525252525252525252525252525252525252525252525252525252525252FLogin%2525252525252525252525252525252525252525252525252525252525253FReturnUrl%2525252525252525252525252525252525252525252525252525252525253D%252525252525252525252525252525252525252525252525252525252525252F - null null
2025-11-12 15:04:46.810 -03:00 [INF] Authorization failed. These requirements were not met:
DenyAnonymousAuthorizationRequirement: Requires an authenticated user.
2025-11-12 15:04:46.811 -03:00 [INF] AuthenticationScheme: Cookies was challenged.
2025-11-12 15:04:46.812 -03:00 [INF] Request finished HTTP/2 GET https://localhost:7173/Account/Login?ReturnUrl=%2FAccount%2FLogin%3FReturnUrl%3D%252FAccount%252FLogin%253FReturnUrl%253D%25252FAccount%25252FLogin%25253FReturnUrl%25253D%2525252FAccount%2525252FLogin%2525253FReturnUrl%2525253D%252525252FAccount%252525252FLogin%252525253FReturnUrl%252525253D%25252525252FAccount%25252525252FLogin%25252525253FReturnUrl%25252525253D%2525252525252FAccount%2525252525252FLogin%2525252525253FReturnUrl%2525252525253D%252525252525252FAccount%252525252525252FLogin%252525252525253FReturnUrl%252525252525253D%25252525252525252FAccount%25252525252525252FLogin%25252525252525253FReturnUrl%25252525252525253D%2525252525252525252FAccount%2525252525252525252FLogin%2525252525252525253FReturnUrl%2525252525252525253D%252525252525252525252FAccount%252525252525252525252FLogin%252525252525252525253FReturnUrl%252525252525252525253D%25252525252525252525252FAccount%25252525252525252525252FLogin%25252525252525252525253FReturnUrl%25252525252525252525253D%2525252525252525252525252FAccount%2525252525252525252525252FLogin%2525252525252525252525253FReturnUrl%2525252525252525252525253D%252525252525252525252525252FAccount%252525252525252525252525252FLogin%252525252525252525252525253FReturnUrl%252525252525252525252525253D%25252525252525252525252525252FAccount%25252525252525252525252525252FLogin%25252525252525252525252525253FReturnUrl%25252525252525252525252525253D%2525252525252525252525252525252FAccount%2525252525252525252525252525252FLogin%2525252525252525252525252525253FReturnUrl%2525252525252525252525252525253D%252525252525252525252525252525252FAccount%252525252525252525252525252525252FLogin%252525252525252525252525252525253FReturnUrl%252525252525252525252525252525253D%25252525252525252525252525252525252FAccount%25252525252525252525252525252525252FLogin%25252525252525252525252525252525253FReturnUrl%25252525252525252525252525252525253D%2525252525252525252525252525252525252FAccount%2525252525252525252525252525252525252FLogin%2525252525252525252525252525252525253FReturnUrl%2525252525252525252525252525252525253D%252525252525252525252525252525252525252FAccount%252525252525252525252525252525252525252FLogin%252525252525252525252525252525252525253FReturnUrl%252525252525252525252525252525252525253D%25252525252525252525252525252525252525252FAccount%25252525252525252525252525252525252525252FLogin%25252525252525252525252525252525252525253FReturnUrl%25252525252525252525252525252525252525253D%2525252525252525252525252525252525252525252FAccount%2525252525252525252525252525252525252525252FLogin%2525252525252525252525252525252525252525253FReturnUrl%2525252525252525252525252525252525252525253D%252525252525252525252525252525252525252525252FAccount%252525252525252525252525252525252525252525252FLogin%252525252525252525252525252525252525252525253FReturnUrl%252525252525252525252525252525252525252525253D%25252525252525252525252525252525252525252525252FAccount%25252525252525252525252525252525252525252525252FLogin%25252525252525252525252525252525252525252525253FReturnUrl%25252525252525252525252525252525252525252525253D%2525252525252525252525252525252525252525252525252FAccount%2525252525252525252525252525252525252525252525252FLogin%2525252525252525252525252525252525252525252525253FReturnUrl%2525252525252525252525252525252525252525252525253D%252525252525252525252525252525252525252525252525252FAccount%252525252525252525252525252525252525252525252525252FLogin%252525252525252525252525252525252525252525252525253FReturnUrl%252525252525252525252525252525252525252525252525253D%25252525252525252525252525252525252525252525252525252FAccount%25252525252525252525252525252525252525252525252525252FLogin%25252525252525252525252525252525252525252525252525253FReturnUrl%25252525252525252525252525252525252525252525252525253D%2525252525252525252525252525252525252525252525252525252FAccount%2525252525252525252525252525252525252525252525252525252FLogin%2525252525252525252525252525252525252525252525252525253FReturnUrl%2525252525252525252525252525252525252525252525252525253D%252525252525252525252525252525252525252525252525252525252FAccount%252525252525252525252525252525252525252525252525252525252FLogin%252525252525252525252525252525252525252525252525252525253FReturnUrl%252525252525252525252525252525252525252525252525252525253D%25252525252525252525252525252525252525252525252525252525252FAccount%25252525252525252525252525252525252525252525252525252525252FLogin%25252525252525252525252525252525252525252525252525252525253FReturnUrl%25252525252525252525252525252525252525252525252525252525253D%2525252525252525252525252525252525252525252525252525252525252FAccount%2525252525252525252525252525252525252525252525252525252525252FLogin%2525252525252525252525252525252525252525252525252525252525253FReturnUrl%2525252525252525252525252525252525252525252525252525252525253D%252525252525252525252525252525252525252525252525252525252525252F - 302 0 null 6.0294ms
2025-11-12 15:04:46.816 -03:00 [INF] Request starting HTTP/2 GET https://localhost:7173/Account/Login?ReturnUrl=%2FAccount%2FLogin%3FReturnUrl%3D%252FAccount%252FLogin%253FReturnUrl%253D%25252FAccount%25252FLogin%25253FReturnUrl%25253D%2525252FAccount%2525252FLogin%2525253FReturnUrl%2525253D%252525252FAccount%252525252FLogin%252525253FReturnUrl%252525253D%25252525252FAccount%25252525252FLogin%25252525253FReturnUrl%25252525253D%2525252525252FAccount%2525252525252FLogin%2525252525253FReturnUrl%2525252525253D%252525252525252FAccount%252525252525252FLogin%252525252525253FReturnUrl%252525252525253D%25252525252525252FAccount%25252525252525252FLogin%25252525252525253FReturnUrl%25252525252525253D%2525252525252525252FAccount%2525252525252525252FLogin%2525252525252525253FReturnUrl%2525252525252525253D%252525252525252525252FAccount%252525252525252525252FLogin%252525252525252525253FReturnUrl%252525252525252525253D%25252525252525252525252FAccount%25252525252525252525252FLogin%25252525252525252525253FReturnUrl%25252525252525252525253D%2525252525252525252525252FAccount%2525252525252525252525252FLogin%2525252525252525252525253FReturnUrl%2525252525252525252525253D%252525252525252525252525252FAccount%252525252525252525252525252FLogin%252525252525252525252525253FReturnUrl%252525252525252525252525253D%25252525252525252525252525252FAccount%25252525252525252525252525252FLogin%25252525252525252525252525253FReturnUrl%25252525252525252525252525253D%2525252525252525252525252525252FAccount%2525252525252525252525252525252FLogin%2525252525252525252525252525253FReturnUrl%2525252525252525252525252525253D%252525252525252525252525252525252FAccount%252525252525252525252525252525252FLogin%252525252525252525252525252525253FReturnUrl%252525252525252525252525252525253D%25252525252525252525252525252525252FAccount%25252525252525252525252525252525252FLogin%25252525252525252525252525252525253FReturnUrl%25252525252525252525252525252525253D%2525252525252525252525252525252525252FAccount%2525252525252525252525252525252525252FLogin%2525252525252525252525252525252525253FReturnUrl%2525252525252525252525252525252525253D%252525252525252525252525252525252525252FAccount%252525252525252525252525252525252525252FLogin%252525252525252525252525252525252525253FReturnUrl%252525252525252525252525252525252525253D%25252525252525252525252525252525252525252FAccount%25252525252525252525252525252525252525252FLogin%25252525252525252525252525252525252525253FReturnUrl%25252525252525252525252525252525252525253D%2525252525252525252525252525252525252525252FAccount%2525252525252525252525252525252525252525252FLogin%2525252525252525252525252525252525252525253FReturnUrl%2525252525252525252525252525252525252525253D%252525252525252525252525252525252525252525252FAccount%252525252525252525252525252525252525252525252FLogin%252525252525252525252525252525252525252525253FReturnUrl%252525252525252525252525252525252525252525253D%25252525252525252525252525252525252525252525252FAccount%25252525252525252525252525252525252525252525252FLogin%25252525252525252525252525252525252525252525253FReturnUrl%25252525252525252525252525252525252525252525253D%2525252525252525252525252525252525252525252525252FAccount%2525252525252525252525252525252525252525252525252FLogin%2525252525252525252525252525252525252525252525253FReturnUrl%2525252525252525252525252525252525252525252525253D%252525252525252525252525252525252525252525252525252FAccount%252525252525252525252525252525252525252525252525252FLogin%252525252525252525252525252525252525252525252525253FReturnUrl%252525252525252525252525252525252525252525252525253D%25252525252525252525252525252525252525252525252525252FAccount%25252525252525252525252525252525252525252525252525252FLogin%25252525252525252525252525252525252525252525252525253FReturnUrl%25252525252525252525252525252525252525252525252525253D%2525252525252525252525252525252525252525252525252525252FAccount%2525252525252525252525252525252525252525252525252525252FLogin%2525252525252525252525252525252525252525252525252525253FReturnUrl%2525252525252525252525252525252525252525252525252525253D%252525252525252525252525252525252525252525252525252525252FAccount%252525252525252525252525252525252525252525252525252525252FLogin%252525252525252525252525252525252525252525252525252525253FReturnUrl%252525252525252525252525252525252525252525252525252525253D%25252525252525252525252525252525252525252525252525252525252FAccount%25252525252525252525252525252525252525252525252525252525252FLogin%25252525252525252525252525252525252525252525252525252525253FReturnUrl%25252525252525252525252525252525252525252525252525252525253D%2525252525252525252525252525252525252525252525252525252525252FAccount%2525252525252525252525252525252525252525252525252525252525252FLogin%2525252525252525252525252525252525252525252525252525252525253FReturnUrl%2525252525252525252525252525252525252525252525252525252525253D%252525252525252525252525252525252525252525252525252525252525252FAccount%252525252525252525252525252525252525252525252525252525252525252FLogin%252525252525252525252525252525252525252525252525252525252525253FReturnUrl%252525252525252525252525252525252525252525252525252525252525253D%25252525252525252525252525252525252525252525252525252525252525252F - null null
2025-11-12 15:04:46.820 -03:00 [INF] Authorization failed. These requirements were not met:
DenyAnonymousAuthorizationRequirement: Requires an authenticated user.
2025-11-12 15:04:46.821 -03:00 [INF] AuthenticationScheme: Cookies was challenged.
2025-11-12 15:04:46.822 -03:00 [INF] Request finished HTTP/2 GET https://localhost:7173/Account/Login?ReturnUrl=%2FAccount%2FLogin%3FReturnUrl%3D%252FAccount%252FLogin%253FReturnUrl%253D%25252FAccount%25252FLogin%25253FReturnUrl%25253D%2525252FAccount%2525252FLogin%2525253FReturnUrl%2525253D%252525252FAccount%252525252FLogin%252525253FReturnUrl%252525253D%25252525252FAccount%25252525252FLogin%25252525253FReturnUrl%25252525253D%2525252525252FAccount%2525252525252FLogin%2525252525253FReturnUrl%2525252525253D%252525252525252FAccount%252525252525252FLogin%252525252525253FReturnUrl%252525252525253D%25252525252525252FAccount%25252525252525252FLogin%25252525252525253FReturnUrl%25252525252525253D%2525252525252525252FAccount%2525252525252525252FLogin%2525252525252525253FReturnUrl%2525252525252525253D%252525252525252525252FAccount%252525252525252525252FLogin%252525252525252525253FReturnUrl%252525252525252525253D%25252525252525252525252FAccount%25252525252525252525252FLogin%25252525252525252525253FReturnUrl%25252525252525252525253D%2525252525252525252525252FAccount%2525252525252525252525252FLogin%2525252525252525252525253FReturnUrl%2525252525252525252525253D%252525252525252525252525252FAccount%252525252525252525252525252FLogin%252525252525252525252525253FReturnUrl%252525252525252525252525253D%25252525252525252525252525252FAccount%25252525252525252525252525252FLogin%25252525252525252525252525253FReturnUrl%25252525252525252525252525253D%2525252525252525252525252525252FAccount%2525252525252525252525252525252FLogin%2525252525252525252525252525253FReturnUrl%2525252525252525252525252525253D%252525252525252525252525252525252FAccount%252525252525252525252525252525252FLogin%252525252525252525252525252525253FReturnUrl%252525252525252525252525252525253D%25252525252525252525252525252525252FAccount%25252525252525252525252525252525252FLogin%25252525252525252525252525252525253FReturnUrl%25252525252525252525252525252525253D%2525252525252525252525252525252525252FAccount%2525252525252525252525252525252525252FLogin%2525252525252525252525252525252525253FReturnUrl%2525252525252525252525252525252525253D%252525252525252525252525252525252525252FAccount%252525252525252525252525252525252525252FLogin%252525252525252525252525252525252525253FReturnUrl%252525252525252525252525252525252525253D%25252525252525252525252525252525252525252FAccount%25252525252525252525252525252525252525252FLogin%25252525252525252525252525252525252525253FReturnUrl%25252525252525252525252525252525252525253D%2525252525252525252525252525252525252525252FAccount%2525252525252525252525252525252525252525252FLogin%2525252525252525252525252525252525252525253FReturnUrl%2525252525252525252525252525252525252525253D%252525252525252525252525252525252525252525252FAccount%252525252525252525252525252525252525252525252FLogin%252525252525252525252525252525252525252525253FReturnUrl%252525252525252525252525252525252525252525253D%25252525252525252525252525252525252525252525252FAccount%25252525252525252525252525252525252525252525252FLogin%25252525252525252525252525252525252525252525253FReturnUrl%25252525252525252525252525252525252525252525253D%2525252525252525252525252525252525252525252525252FAccount%2525252525252525252525252525252525252525252525252FLogin%2525252525252525252525252525252525252525252525253FReturnUrl%2525252525252525252525252525252525252525252525253D%252525252525252525252525252525252525252525252525252FAccount%252525252525252525252525252525252525252525252525252FLogin%252525252525252525252525252525252525252525252525253FReturnUrl%252525252525252525252525252525252525252525252525253D%25252525252525252525252525252525252525252525252525252FAccount%25252525252525252525252525252525252525252525252525252FLogin%25252525252525252525252525252525252525252525252525253FReturnUrl%25252525252525252525252525252525252525252525252525253D%2525252525252525252525252525252525252525252525252525252FAccount%2525252525252525252525252525252525252525252525252525252FLogin%2525252525252525252525252525252525252525252525252525253FReturnUrl%2525252525252525252525252525252525252525252525252525253D%252525252525252525252525252525252525252525252525252525252FAccount%252525252525252525252525252525252525252525252525252525252FLogin%252525252525252525252525252525252525252525252525252525253FReturnUrl%252525252525252525252525252525252525252525252525252525253D%25252525252525252525252525252525252525252525252525252525252FAccount%25252525252525252525252525252525252525252525252525252525252FLogin%25252525252525252525252525252525252525252525252525252525253FReturnUrl%25252525252525252525252525252525252525252525252525252525253D%2525252525252525252525252525252525252525252525252525252525252FAccount%2525252525252525252525252525252525252525252525252525252525252FLogin%2525252525252525252525252525252525252525252525252525252525253FReturnUrl%2525252525252525252525252525252525252525252525252525252525253D%252525252525252525252525252525252525252525252525252525252525252FAccount%252525252525252525252525252525252525252525252525252525252525252FLogin%252525252525252525252525252525252525252525252525252525252525253FReturnUrl%252525252525252525252525252525252525252525252525252525252525253D%25252525252525252525252525252525252525252525252525252525252525252F - 302 0 null 6.2319ms
2025-11-12 15:04:46.825 -03:00 [INF] Request starting HTTP/2 GET https://localhost:7173/Account/Login?ReturnUrl=%2FAccount%2FLogin%3FReturnUrl%3D%252FAccount%252FLogin%253FReturnUrl%253D%25252FAccount%25252FLogin%25253FReturnUrl%25253D%2525252FAccount%2525252FLogin%2525253FReturnUrl%2525253D%252525252FAccount%252525252FLogin%252525253FReturnUrl%252525253D%25252525252FAccount%25252525252FLogin%25252525253FReturnUrl%25252525253D%2525252525252FAccount%2525252525252FLogin%2525252525253FReturnUrl%2525252525253D%252525252525252FAccount%252525252525252FLogin%252525252525253FReturnUrl%252525252525253D%25252525252525252FAccount%25252525252525252FLogin%25252525252525253FReturnUrl%25252525252525253D%2525252525252525252FAccount%2525252525252525252FLogin%2525252525252525253FReturnUrl%2525252525252525253D%252525252525252525252FAccount%252525252525252525252FLogin%252525252525252525253FReturnUrl%252525252525252525253D%25252525252525252525252FAccount%25252525252525252525252FLogin%25252525252525252525253FReturnUrl%25252525252525252525253D%2525252525252525252525252FAccount%2525252525252525252525252FLogin%2525252525252525252525253FReturnUrl%2525252525252525252525253D%252525252525252525252525252FAccount%252525252525252525252525252FLogin%252525252525252525252525253FReturnUrl%252525252525252525252525253D%25252525252525252525252525252FAccount%25252525252525252525252525252FLogin%25252525252525252525252525253FReturnUrl%25252525252525252525252525253D%2525252525252525252525252525252FAccount%2525252525252525252525252525252FLogin%2525252525252525252525252525253FReturnUrl%2525252525252525252525252525253D%252525252525252525252525252525252FAccount%252525252525252525252525252525252FLogin%252525252525252525252525252525253FReturnUrl%252525252525252525252525252525253D%25252525252525252525252525252525252FAccount%25252525252525252525252525252525252FLogin%25252525252525252525252525252525253FReturnUrl%25252525252525252525252525252525253D%2525252525252525252525252525252525252FAccount%2525252525252525252525252525252525252FLogin%2525252525252525252525252525252525253FReturnUrl%2525252525252525252525252525252525253D%252525252525252525252525252525252525252FAccount%252525252525252525252525252525252525252FLogin%252525252525252525252525252525252525253FReturnUrl%252525252525252525252525252525252525253D%25252525252525252525252525252525252525252FAccount%25252525252525252525252525252525252525252FLogin%25252525252525252525252525252525252525253FReturnUrl%25252525252525252525252525252525252525253D%2525252525252525252525252525252525252525252FAccount%2525252525252525252525252525252525252525252FLogin%2525252525252525252525252525252525252525253FReturnUrl%2525252525252525252525252525252525252525253D%252525252525252525252525252525252525252525252FAccount%252525252525252525252525252525252525252525252FLogin%252525252525252525252525252525252525252525253FReturnUrl%252525252525252525252525252525252525252525253D%25252525252525252525252525252525252525252525252FAccount%25252525252525252525252525252525252525252525252FLogin%25252525252525252525252525252525252525252525253FReturnUrl%25252525252525252525252525252525252525252525253D%2525252525252525252525252525252525252525252525252FAccount%2525252525252525252525252525252525252525252525252FLogin%2525252525252525252525252525252525252525252525253FReturnUrl%2525252525252525252525252525252525252525252525253D%252525252525252525252525252525252525252525252525252FAccount%252525252525252525252525252525252525252525252525252FLogin%252525252525252525252525252525252525252525252525253FReturnUrl%252525252525252525252525252525252525252525252525253D%25252525252525252525252525252525252525252525252525252FAccount%25252525252525252525252525252525252525252525252525252FLogin%25252525252525252525252525252525252525252525252525253FReturnUrl%25252525252525252525252525252525252525252525252525253D%2525252525252525252525252525252525252525252525252525252FAccount%2525252525252525252525252525252525252525252525252525252FLogin%2525252525252525252525252525252525252525252525252525253FReturnUrl%2525252525252525252525252525252525252525252525252525253D%252525252525252525252525252525252525252525252525252525252FAccount%252525252525252525252525252525252525252525252525252525252FLogin%252525252525252525252525252525252525252525252525252525253FReturnUrl%252525252525252525252525252525252525252525252525252525253D%25252525252525252525252525252525252525252525252525252525252FAccount%25252525252525252525252525252525252525252525252525252525252FLogin%25252525252525252525252525252525252525252525252525252525253FReturnUrl%25252525252525252525252525252525252525252525252525252525253D%2525252525252525252525252525252525252525252525252525252525252FAccount%2525252525252525252525252525252525252525252525252525252525252FLogin%2525252525252525252525252525252525252525252525252525252525253FReturnUrl%2525252525252525252525252525252525252525252525252525252525253D%252525252525252525252525252525252525252525252525252525252525252FAccount%252525252525252525252525252525252525252525252525252525252525252FLogin%252525252525252525252525252525252525252525252525252525252525253FReturnUrl%252525252525252525252525252525252525252525252525252525252525253D%25252525252525252525252525252525252525252525252525252525252525252FAccount%25252525252525252525252525252525252525252525252525252525252525252FLogin%25252525252525252525252525252525252525252525252525252525252525253FReturnUrl%25252525252525252525252525252525252525252525252525252525252525253D%2525252525252525252525252525252525252525252525252525252525252525252F - null null
2025-11-12 15:04:46.830 -03:00 [INF] Authorization failed. These requirements were not met:
DenyAnonymousAuthorizationRequirement: Requires an authenticated user.
2025-11-12 15:04:46.831 -03:00 [INF] AuthenticationScheme: Cookies was challenged.
2025-11-12 15:04:46.832 -03:00 [INF] Request finished HTTP/2 GET https://localhost:7173/Account/Login?ReturnUrl=%2FAccount%2FLogin%3FReturnUrl%3D%252FAccount%252FLogin%253FReturnUrl%253D%25252FAccount%25252FLogin%25253FReturnUrl%25253D%2525252FAccount%2525252FLogin%2525253FReturnUrl%2525253D%252525252FAccount%252525252FLogin%252525253FReturnUrl%252525253D%25252525252FAccount%25252525252FLogin%25252525253FReturnUrl%25252525253D%2525252525252FAccount%2525252525252FLogin%2525252525253FReturnUrl%2525252525253D%252525252525252FAccount%252525252525252FLogin%252525252525253FReturnUrl%252525252525253D%25252525252525252FAccount%25252525252525252FLogin%25252525252525253FReturnUrl%25252525252525253D%2525252525252525252FAccount%2525252525252525252FLogin%2525252525252525253FReturnUrl%2525252525252525253D%252525252525252525252FAccount%252525252525252525252FLogin%252525252525252525253FReturnUrl%252525252525252525253D%25252525252525252525252FAccount%25252525252525252525252FLogin%25252525252525252525253FReturnUrl%25252525252525252525253D%2525252525252525252525252FAccount%2525252525252525252525252FLogin%2525252525252525252525253FReturnUrl%2525252525252525252525253D%252525252525252525252525252FAccount%252525252525252525252525252FLogin%252525252525252525252525253FReturnUrl%252525252525252525252525253D%25252525252525252525252525252FAccount%25252525252525252525252525252FLogin%25252525252525252525252525253FReturnUrl%25252525252525252525252525253D%2525252525252525252525252525252FAccount%2525252525252525252525252525252FLogin%2525252525252525252525252525253FReturnUrl%2525252525252525252525252525253D%252525252525252525252525252525252FAccount%252525252525252525252525252525252FLogin%252525252525252525252525252525253FReturnUrl%252525252525252525252525252525253D%25252525252525252525252525252525252FAccount%25252525252525252525252525252525252FLogin%25252525252525252525252525252525253FReturnUrl%25252525252525252525252525252525253D%2525252525252525252525252525252525252FAccount%2525252525252525252525252525252525252FLogin%2525252525252525252525252525252525253FReturnUrl%2525252525252525252525252525252525253D%252525252525252525252525252525252525252FAccount%252525252525252525252525252525252525252FLogin%252525252525252525252525252525252525253FReturnUrl%252525252525252525252525252525252525253D%25252525252525252525252525252525252525252FAccount%25252525252525252525252525252525252525252FLogin%25252525252525252525252525252525252525253FReturnUrl%25252525252525252525252525252525252525253D%2525252525252525252525252525252525252525252FAccount%2525252525252525252525252525252525252525252FLogin%2525252525252525252525252525252525252525253FReturnUrl%2525252525252525252525252525252525252525253D%252525252525252525252525252525252525252525252FAccount%252525252525252525252525252525252525252525252FLogin%252525252525252525252525252525252525252525253FReturnUrl%252525252525252525252525252525252525252525253D%25252525252525252525252525252525252525252525252FAccount%25252525252525252525252525252525252525252525252FLogin%25252525252525252525252525252525252525252525253FReturnUrl%25252525252525252525252525252525252525252525253D%2525252525252525252525252525252525252525252525252FAccount%2525252525252525252525252525252525252525252525252FLogin%2525252525252525252525252525252525252525252525253FReturnUrl%2525252525252525252525252525252525252525252525253D%252525252525252525252525252525252525252525252525252FAccount%252525252525252525252525252525252525252525252525252FLogin%252525252525252525252525252525252525252525252525253FReturnUrl%252525252525252525252525252525252525252525252525253D%25252525252525252525252525252525252525252525252525252FAccount%25252525252525252525252525252525252525252525252525252FLogin%25252525252525252525252525252525252525252525252525253FReturnUrl%25252525252525252525252525252525252525252525252525253D%2525252525252525252525252525252525252525252525252525252FAccount%2525252525252525252525252525252525252525252525252525252FLogin%2525252525252525252525252525252525252525252525252525253FReturnUrl%2525252525252525252525252525252525252525252525252525253D%252525252525252525252525252525252525252525252525252525252FAccount%252525252525252525252525252525252525252525252525252525252FLogin%252525252525252525252525252525252525252525252525252525253FReturnUrl%252525252525252525252525252525252525252525252525252525253D%25252525252525252525252525252525252525252525252525252525252FAccount%25252525252525252525252525252525252525252525252525252525252FLogin%25252525252525252525252525252525252525252525252525252525253FReturnUrl%25252525252525252525252525252525252525252525252525252525253D%2525252525252525252525252525252525252525252525252525252525252FAccount%2525252525252525252525252525252525252525252525252525252525252FLogin%2525252525252525252525252525252525252525252525252525252525253FReturnUrl%2525252525252525252525252525252525252525252525252525252525253D%252525252525252525252525252525252525252525252525252525252525252FAccount%252525252525252525252525252525252525252525252525252525252525252FLogin%252525252525252525252525252525252525252525252525252525252525253FReturnUrl%252525252525252525252525252525252525252525252525252525252525253D%25252525252525252525252525252525252525252525252525252525252525252FAccount%25252525252525252525252525252525252525252525252525252525252525252FLogin%25252525252525252525252525252525252525252525252525252525252525253FReturnUrl%25252525252525252525252525252525252525252525252525252525252525253D%2525252525252525252525252525252525252525252525252525252525252525252F - 302 0 null 6.3255ms
2025-11-12 15:04:46.843 -03:00 [INF] Request starting HTTP/2 GET https://localhost:7173/Account/Login?ReturnUrl=%2FAccount%2FLogin%3FReturnUrl%3D%252FAccount%252FLogin%253FReturnUrl%253D%25252FAccount%25252FLogin%25253FReturnUrl%25253D%2525252FAccount%2525252FLogin%2525253FReturnUrl%2525253D%252525252FAccount%252525252FLogin%252525253FReturnUrl%252525253D%25252525252FAccount%25252525252FLogin%25252525253FReturnUrl%25252525253D%2525252525252FAccount%2525252525252FLogin%2525252525253FReturnUrl%2525252525253D%252525252525252FAccount%252525252525252FLogin%252525252525253FReturnUrl%252525252525253D%25252525252525252FAccount%25252525252525252FLogin%25252525252525253FReturnUrl%25252525252525253D%2525252525252525252FAccount%2525252525252525252FLogin%2525252525252525253FReturnUrl%2525252525252525253D%252525252525252525252FAccount%252525252525252525252FLogin%252525252525252525253FReturnUrl%252525252525252525253D%25252525252525252525252FAccount%25252525252525252525252FLogin%25252525252525252525253FReturnUrl%25252525252525252525253D%2525252525252525252525252FAccount%2525252525252525252525252FLogin%2525252525252525252525253FReturnUrl%2525252525252525252525253D%252525252525252525252525252FAccount%252525252525252525252525252FLogin%252525252525252525252525253FReturnUrl%252525252525252525252525253D%25252525252525252525252525252FAccount%25252525252525252525252525252FLogin%25252525252525252525252525253FReturnUrl%25252525252525252525252525253D%2525252525252525252525252525252FAccount%2525252525252525252525252525252FLogin%2525252525252525252525252525253FReturnUrl%2525252525252525252525252525253D%252525252525252525252525252525252FAccount%252525252525252525252525252525252FLogin%252525252525252525252525252525253FReturnUrl%252525252525252525252525252525253D%25252525252525252525252525252525252FAccount%25252525252525252525252525252525252FLogin%25252525252525252525252525252525253FReturnUrl%25252525252525252525252525252525253D%2525252525252525252525252525252525252FAccount%2525252525252525252525252525252525252FLogin%2525252525252525252525252525252525253FReturnUrl%2525252525252525252525252525252525253D%252525252525252525252525252525252525252FAccount%252525252525252525252525252525252525252FLogin%252525252525252525252525252525252525253FReturnUrl%252525252525252525252525252525252525253D%25252525252525252525252525252525252525252FAccount%25252525252525252525252525252525252525252FLogin%25252525252525252525252525252525252525253FReturnUrl%25252525252525252525252525252525252525253D%2525252525252525252525252525252525252525252FAccount%2525252525252525252525252525252525252525252FLogin%2525252525252525252525252525252525252525253FReturnUrl%2525252525252525252525252525252525252525253D%252525252525252525252525252525252525252525252FAccount%252525252525252525252525252525252525252525252FLogin%252525252525252525252525252525252525252525253FReturnUrl%252525252525252525252525252525252525252525253D%25252525252525252525252525252525252525252525252FAccount%25252525252525252525252525252525252525252525252FLogin%25252525252525252525252525252525252525252525253FReturnUrl%25252525252525252525252525252525252525252525253D%2525252525252525252525252525252525252525252525252FAccount%2525252525252525252525252525252525252525252525252FLogin%2525252525252525252525252525252525252525252525253FReturnUrl%2525252525252525252525252525252525252525252525253D%252525252525252525252525252525252525252525252525252FAccount%252525252525252525252525252525252525252525252525252FLogin%252525252525252525252525252525252525252525252525253FReturnUrl%252525252525252525252525252525252525252525252525253D%25252525252525252525252525252525252525252525252525252FAccount%25252525252525252525252525252525252525252525252525252FLogin%25252525252525252525252525252525252525252525252525253FReturnUrl%25252525252525252525252525252525252525252525252525253D%2525252525252525252525252525252525252525252525252525252FAccount%2525252525252525252525252525252525252525252525252525252FLogin%2525252525252525252525252525252525252525252525252525253FReturnUrl%2525252525252525252525252525252525252525252525252525253D%252525252525252525252525252525252525252525252525252525252FAccount%252525252525252525252525252525252525252525252525252525252FLogin%252525252525252525252525252525252525252525252525252525253FReturnUrl%252525252525252525252525252525252525252525252525252525253D%25252525252525252525252525252525252525252525252525252525252FAccount%25252525252525252525252525252525252525252525252525252525252FLogin%25252525252525252525252525252525252525252525252525252525253FReturnUrl%25252525252525252525252525252525252525252525252525252525253D%2525252525252525252525252525252525252525252525252525252525252FAccount%2525252525252525252525252525252525252525252525252525252525252FLogin%2525252525252525252525252525252525252525252525252525252525253FReturnUrl%2525252525252525252525252525252525252525252525252525252525253D%252525252525252525252525252525252525252525252525252525252525252FAccount%252525252525252525252525252525252525252525252525252525252525252FLogin%252525252525252525252525252525252525252525252525252525252525253FReturnUrl%252525252525252525252525252525252525252525252525252525252525253D%25252525252525252525252525252525252525252525252525252525252525252FAccount%25252525252525252525252525252525252525252525252525252525252525252FLogin%25252525252525252525252525252525252525252525252525252525252525253FReturnUrl%25252525252525252525252525252525252525252525252525252525252525253D%2525252525252525252525252525252525252525252525252525252525252525252FAccount%2525252525252525252525252525252525252525252525252525252525252525252FLogin%2525252525252525252525252525252525252525252525252525252525252525253FReturnUrl%2525252525252525252525252525252525252525252525252525252525252525253D%252525252525252525252525252525252525252525252525252525252525252525252F - null null
2025-11-12 15:04:46.848 -03:00 [INF] Authorization failed. These requirements were not met:
DenyAnonymousAuthorizationRequirement: Requires an authenticated user.
2025-11-12 15:04:46.849 -03:00 [INF] AuthenticationScheme: Cookies was challenged.
2025-11-12 15:04:46.849 -03:00 [INF] Request finished HTTP/2 GET https://localhost:7173/Account/Login?ReturnUrl=%2FAccount%2FLogin%3FReturnUrl%3D%252FAccount%252FLogin%253FReturnUrl%253D%25252FAccount%25252FLogin%25253FReturnUrl%25253D%2525252FAccount%2525252FLogin%2525253FReturnUrl%2525253D%252525252FAccount%252525252FLogin%252525253FReturnUrl%252525253D%25252525252FAccount%25252525252FLogin%25252525253FReturnUrl%25252525253D%2525252525252FAccount%2525252525252FLogin%2525252525253FReturnUrl%2525252525253D%252525252525252FAccount%252525252525252FLogin%252525252525253FReturnUrl%252525252525253D%25252525252525252FAccount%25252525252525252FLogin%25252525252525253FReturnUrl%25252525252525253D%2525252525252525252FAccount%2525252525252525252FLogin%2525252525252525253FReturnUrl%2525252525252525253D%252525252525252525252FAccount%252525252525252525252FLogin%252525252525252525253FReturnUrl%252525252525252525253D%25252525252525252525252FAccount%25252525252525252525252FLogin%25252525252525252525253FReturnUrl%25252525252525252525253D%2525252525252525252525252FAccount%2525252525252525252525252FLogin%2525252525252525252525253FReturnUrl%2525252525252525252525253D%252525252525252525252525252FAccount%252525252525252525252525252FLogin%252525252525252525252525253FReturnUrl%252525252525252525252525253D%25252525252525252525252525252FAccount%25252525252525252525252525252FLogin%25252525252525252525252525253FReturnUrl%25252525252525252525252525253D%2525252525252525252525252525252FAccount%2525252525252525252525252525252FLogin%2525252525252525252525252525253FReturnUrl%2525252525252525252525252525253D%252525252525252525252525252525252FAccount%252525252525252525252525252525252FLogin%252525252525252525252525252525253FReturnUrl%252525252525252525252525252525253D%25252525252525252525252525252525252FAccount%25252525252525252525252525252525252FLogin%25252525252525252525252525252525253FReturnUrl%25252525252525252525252525252525253D%2525252525252525252525252525252525252FAccount%2525252525252525252525252525252525252FLogin%2525252525252525252525252525252525253FReturnUrl%2525252525252525252525252525252525253D%252525252525252525252525252525252525252FAccount%252525252525252525252525252525252525252FLogin%252525252525252525252525252525252525253FReturnUrl%252525252525252525252525252525252525253D%25252525252525252525252525252525252525252FAccount%25252525252525252525252525252525252525252FLogin%25252525252525252525252525252525252525253FReturnUrl%25252525252525252525252525252525252525253D%2525252525252525252525252525252525252525252FAccount%2525252525252525252525252525252525252525252FLogin%2525252525252525252525252525252525252525253FReturnUrl%2525252525252525252525252525252525252525253D%252525252525252525252525252525252525252525252FAccount%252525252525252525252525252525252525252525252FLogin%252525252525252525252525252525252525252525253FReturnUrl%252525252525252525252525252525252525252525253D%25252525252525252525252525252525252525252525252FAccount%25252525252525252525252525252525252525252525252FLogin%25252525252525252525252525252525252525252525253FReturnUrl%25252525252525252525252525252525252525252525253D%2525252525252525252525252525252525252525252525252FAccount%2525252525252525252525252525252525252525252525252FLogin%2525252525252525252525252525252525252525252525253FReturnUrl%2525252525252525252525252525252525252525252525253D%252525252525252525252525252525252525252525252525252FAccount%252525252525252525252525252525252525252525252525252FLogin%252525252525252525252525252525252525252525252525253FReturnUrl%252525252525252525252525252525252525252525252525253D%25252525252525252525252525252525252525252525252525252FAccount%25252525252525252525252525252525252525252525252525252FLogin%25252525252525252525252525252525252525252525252525253FReturnUrl%25252525252525252525252525252525252525252525252525253D%2525252525252525252525252525252525252525252525252525252FAccount%2525252525252525252525252525252525252525252525252525252FLogin%2525252525252525252525252525252525252525252525252525253FReturnUrl%2525252525252525252525252525252525252525252525252525253D%252525252525252525252525252525252525252525252525252525252FAccount%252525252525252525252525252525252525252525252525252525252FLogin%252525252525252525252525252525252525252525252525252525253FReturnUrl%252525252525252525252525252525252525252525252525252525253D%25252525252525252525252525252525252525252525252525252525252FAccount%25252525252525252525252525252525252525252525252525252525252FLogin%25252525252525252525252525252525252525252525252525252525253FReturnUrl%25252525252525252525252525252525252525252525252525252525253D%2525252525252525252525252525252525252525252525252525252525252FAccount%2525252525252525252525252525252525252525252525252525252525252FLogin%2525252525252525252525252525252525252525252525252525252525253FReturnUrl%2525252525252525252525252525252525252525252525252525252525253D%252525252525252525252525252525252525252525252525252525252525252FAccount%252525252525252525252525252525252525252525252525252525252525252FLogin%252525252525252525252525252525252525252525252525252525252525253FReturnUrl%252525252525252525252525252525252525252525252525252525252525253D%25252525252525252525252525252525252525252525252525252525252525252FAccount%25252525252525252525252525252525252525252525252525252525252525252FLogin%25252525252525252525252525252525252525252525252525252525252525253FReturnUrl%25252525252525252525252525252525252525252525252525252525252525253D%2525252525252525252525252525252525252525252525252525252525252525252FAccount%2525252525252525252525252525252525252525252525252525252525252525252FLogin%2525252525252525252525252525252525252525252525252525252525252525253FReturnUrl%2525252525252525252525252525252525252525252525252525252525252525253D%252525252525252525252525252525252525252525252525252525252525252525252F - 302 0 null 6.4498ms
2025-11-12 15:04:46.856 -03:00 [INF] Request starting HTTP/2 GET https://localhost:7173/Account/Login?ReturnUrl=%2FAccount%2FLogin%3FReturnUrl%3D%252FAccount%252FLogin%253FReturnUrl%253D%25252FAccount%25252FLogin%25253FReturnUrl%25253D%2525252FAccount%2525252FLogin%2525253FReturnUrl%2525253D%252525252FAccount%252525252FLogin%252525253FReturnUrl%252525253D%25252525252FAccount%25252525252FLogin%25252525253FReturnUrl%25252525253D%2525252525252FAccount%2525252525252FLogin%2525252525253FReturnUrl%2525252525253D%252525252525252FAccount%252525252525252FLogin%252525252525253FReturnUrl%252525252525253D%25252525252525252FAccount%25252525252525252FLogin%25252525252525253FReturnUrl%25252525252525253D%2525252525252525252FAccount%2525252525252525252FLogin%2525252525252525253FReturnUrl%2525252525252525253D%252525252525252525252FAccount%252525252525252525252FLogin%252525252525252525253FReturnUrl%252525252525252525253D%25252525252525252525252FAccount%25252525252525252525252FLogin%25252525252525252525253FReturnUrl%25252525252525252525253D%2525252525252525252525252FAccount%2525252525252525252525252FLogin%2525252525252525252525253FReturnUrl%2525252525252525252525253D%252525252525252525252525252FAccount%252525252525252525252525252FLogin%252525252525252525252525253FReturnUrl%252525252525252525252525253D%25252525252525252525252525252FAccount%25252525252525252525252525252FLogin%25252525252525252525252525253FReturnUrl%25252525252525252525252525253D%2525252525252525252525252525252FAccount%2525252525252525252525252525252FLogin%2525252525252525252525252525253FReturnUrl%2525252525252525252525252525253D%252525252525252525252525252525252FAccount%252525252525252525252525252525252FLogin%252525252525252525252525252525253FReturnUrl%252525252525252525252525252525253D%25252525252525252525252525252525252FAccount%25252525252525252525252525252525252FLogin%25252525252525252525252525252525253FReturnUrl%25252525252525252525252525252525253D%2525252525252525252525252525252525252FAccount%2525252525252525252525252525252525252FLogin%2525252525252525252525252525252525253FReturnUrl%2525252525252525252525252525252525253D%252525252525252525252525252525252525252FAccount%252525252525252525252525252525252525252FLogin%252525252525252525252525252525252525253FReturnUrl%252525252525252525252525252525252525253D%25252525252525252525252525252525252525252FAccount%25252525252525252525252525252525252525252FLogin%25252525252525252525252525252525252525253FReturnUrl%25252525252525252525252525252525252525253D%2525252525252525252525252525252525252525252FAccount%2525252525252525252525252525252525252525252FLogin%2525252525252525252525252525252525252525253FReturnUrl%2525252525252525252525252525252525252525253D%252525252525252525252525252525252525252525252FAccount%252525252525252525252525252525252525252525252FLogin%252525252525252525252525252525252525252525253FReturnUrl%252525252525252525252525252525252525252525253D%25252525252525252525252525252525252525252525252FAccount%25252525252525252525252525252525252525252525252FLogin%25252525252525252525252525252525252525252525253FReturnUrl%25252525252525252525252525252525252525252525253D%2525252525252525252525252525252525252525252525252FAccount%2525252525252525252525252525252525252525252525252FLogin%2525252525252525252525252525252525252525252525253FReturnUrl%2525252525252525252525252525252525252525252525253D%252525252525252525252525252525252525252525252525252FAccount%252525252525252525252525252525252525252525252525252FLogin%252525252525252525252525252525252525252525252525253FReturnUrl%252525252525252525252525252525252525252525252525253D%25252525252525252525252525252525252525252525252525252FAccount%25252525252525252525252525252525252525252525252525252FLogin%25252525252525252525252525252525252525252525252525253FReturnUrl%25252525252525252525252525252525252525252525252525253D%2525252525252525252525252525252525252525252525252525252FAccount%2525252525252525252525252525252525252525252525252525252FLogin%2525252525252525252525252525252525252525252525252525253FReturnUrl%2525252525252525252525252525252525252525252525252525253D%252525252525252525252525252525252525252525252525252525252FAccount%252525252525252525252525252525252525252525252525252525252FLogin%252525252525252525252525252525252525252525252525252525253FReturnUrl%252525252525252525252525252525252525252525252525252525253D%25252525252525252525252525252525252525252525252525252525252FAccount%25252525252525252525252525252525252525252525252525252525252FLogin%25252525252525252525252525252525252525252525252525252525253FReturnUrl%25252525252525252525252525252525252525252525252525252525253D%2525252525252525252525252525252525252525252525252525252525252FAccount%2525252525252525252525252525252525252525252525252525252525252FLogin%2525252525252525252525252525252525252525252525252525252525253FReturnUrl%2525252525252525252525252525252525252525252525252525252525253D%252525252525252525252525252525252525252525252525252525252525252FAccount%252525252525252525252525252525252525252525252525252525252525252FLogin%252525252525252525252525252525252525252525252525252525252525253FReturnUrl%252525252525252525252525252525252525252525252525252525252525253D%25252525252525252525252525252525252525252525252525252525252525252FAccount%25252525252525252525252525252525252525252525252525252525252525252FLogin%25252525252525252525252525252525252525252525252525252525252525253FReturnUrl%25252525252525252525252525252525252525252525252525252525252525253D%2525252525252525252525252525252525252525252525252525252525252525252FAccount%2525252525252525252525252525252525252525252525252525252525252525252FLogin%2525252525252525252525252525252525252525252525252525252525252525253FReturnUrl%2525252525252525252525252525252525252525252525252525252525252525253D%252525252525252525252525252525252525252525252525252525252525252525252FAccount%252525252525252525252525252525252525252525252525252525252525252525252FLogin%252525252525252525252525252525252525252525252525252525252525252525253FReturnUrl%252525252525252525252525252525252525252525252525252525252525252525253D%25252525252525252525252525252525252525252525252525252525252525252525252F - null null
2025-11-12 15:04:46.863 -03:00 [INF] Authorization failed. These requirements were not met:
DenyAnonymousAuthorizationRequirement: Requires an authenticated user.
2025-11-12 15:04:46.864 -03:00 [INF] AuthenticationScheme: Cookies was challenged.
2025-11-12 15:04:46.864 -03:00 [INF] Request finished HTTP/2 GET https://localhost:7173/Account/Login?ReturnUrl=%2FAccount%2FLogin%3FReturnUrl%3D%252FAccount%252FLogin%253FReturnUrl%253D%25252FAccount%25252FLogin%25253FReturnUrl%25253D%2525252FAccount%2525252FLogin%2525253FReturnUrl%2525253D%252525252FAccount%252525252FLogin%252525253FReturnUrl%252525253D%25252525252FAccount%25252525252FLogin%25252525253FReturnUrl%25252525253D%2525252525252FAccount%2525252525252FLogin%2525252525253FReturnUrl%2525252525253D%252525252525252FAccount%252525252525252FLogin%252525252525253FReturnUrl%252525252525253D%25252525252525252FAccount%25252525252525252FLogin%25252525252525253FReturnUrl%25252525252525253D%2525252525252525252FAccount%2525252525252525252FLogin%2525252525252525253FReturnUrl%2525252525252525253D%252525252525252525252FAccount%252525252525252525252FLogin%252525252525252525253FReturnUrl%252525252525252525253D%25252525252525252525252FAccount%25252525252525252525252FLogin%25252525252525252525253FReturnUrl%25252525252525252525253D%2525252525252525252525252FAccount%2525252525252525252525252FLogin%2525252525252525252525253FReturnUrl%2525252525252525252525253D%252525252525252525252525252FAccount%252525252525252525252525252FLogin%252525252525252525252525253FReturnUrl%252525252525252525252525253D%25252525252525252525252525252FAccount%25252525252525252525252525252FLogin%25252525252525252525252525253FReturnUrl%25252525252525252525252525253D%2525252525252525252525252525252FAccount%2525252525252525252525252525252FLogin%2525252525252525252525252525253FReturnUrl%2525252525252525252525252525253D%252525252525252525252525252525252FAccount%252525252525252525252525252525252FLogin%252525252525252525252525252525253FReturnUrl%252525252525252525252525252525253D%25252525252525252525252525252525252FAccount%25252525252525252525252525252525252FLogin%25252525252525252525252525252525253FReturnUrl%25252525252525252525252525252525253D%2525252525252525252525252525252525252FAccount%2525252525252525252525252525252525252FLogin%2525252525252525252525252525252525253FReturnUrl%2525252525252525252525252525252525253D%252525252525252525252525252525252525252FAccount%252525252525252525252525252525252525252FLogin%252525252525252525252525252525252525253FReturnUrl%252525252525252525252525252525252525253D%25252525252525252525252525252525252525252FAccount%25252525252525252525252525252525252525252FLogin%25252525252525252525252525252525252525253FReturnUrl%25252525252525252525252525252525252525253D%2525252525252525252525252525252525252525252FAccount%2525252525252525252525252525252525252525252FLogin%2525252525252525252525252525252525252525253FReturnUrl%2525252525252525252525252525252525252525253D%252525252525252525252525252525252525252525252FAccount%252525252525252525252525252525252525252525252FLogin%252525252525252525252525252525252525252525253FReturnUrl%252525252525252525252525252525252525252525253D%25252525252525252525252525252525252525252525252FAccount%25252525252525252525252525252525252525252525252FLogin%25252525252525252525252525252525252525252525253FReturnUrl%25252525252525252525252525252525252525252525253D%2525252525252525252525252525252525252525252525252FAccount%2525252525252525252525252525252525252525252525252FLogin%2525252525252525252525252525252525252525252525253FReturnUrl%2525252525252525252525252525252525252525252525253D%252525252525252525252525252525252525252525252525252FAccount%252525252525252525252525252525252525252525252525252FLogin%252525252525252525252525252525252525252525252525253FReturnUrl%252525252525252525252525252525252525252525252525253D%25252525252525252525252525252525252525252525252525252FAccount%25252525252525252525252525252525252525252525252525252FLogin%25252525252525252525252525252525252525252525252525253FReturnUrl%25252525252525252525252525252525252525252525252525253D%2525252525252525252525252525252525252525252525252525252FAccount%2525252525252525252525252525252525252525252525252525252FLogin%2525252525252525252525252525252525252525252525252525253FReturnUrl%2525252525252525252525252525252525252525252525252525253D%252525252525252525252525252525252525252525252525252525252FAccount%252525252525252525252525252525252525252525252525252525252FLogin%252525252525252525252525252525252525252525252525252525253FReturnUrl%252525252525252525252525252525252525252525252525252525253D%25252525252525252525252525252525252525252525252525252525252FAccount%25252525252525252525252525252525252525252525252525252525252FLogin%25252525252525252525252525252525252525252525252525252525253FReturnUrl%25252525252525252525252525252525252525252525252525252525253D%2525252525252525252525252525252525252525252525252525252525252FAccount%2525252525252525252525252525252525252525252525252525252525252FLogin%2525252525252525252525252525252525252525252525252525252525253FReturnUrl%2525252525252525252525252525252525252525252525252525252525253D%252525252525252525252525252525252525252525252525252525252525252FAccount%252525252525252525252525252525252525252525252525252525252525252FLogin%252525252525252525252525252525252525252525252525252525252525253FReturnUrl%252525252525252525252525252525252525252525252525252525252525253D%25252525252525252525252525252525252525252525252525252525252525252FAccount%25252525252525252525252525252525252525252525252525252525252525252FLogin%25252525252525252525252525252525252525252525252525252525252525253FReturnUrl%25252525252525252525252525252525252525252525252525252525252525253D%2525252525252525252525252525252525252525252525252525252525252525252FAccount%2525252525252525252525252525252525252525252525252525252525252525252FLogin%2525252525252525252525252525252525252525252525252525252525252525253FReturnUrl%2525252525252525252525252525252525252525252525252525252525252525253D%252525252525252525252525252525252525252525252525252525252525252525252FAccount%252525252525252525252525252525252525252525252525252525252525252525252FLogin%252525252525252525252525252525252525252525252525252525252525252525253FReturnUrl%252525252525252525252525252525252525252525252525252525252525252525253D%25252525252525252525252525252525252525252525252525252525252525252525252F - 302 0 null 8.7095ms
2025-11-12 15:04:46.935 -03:00 [INF] Request starting HTTP/2 GET https://localhost:7173/Account/Login?ReturnUrl=%2FAccount%2FLogin%3FReturnUrl%3D%252FAccount%252FLogin%253FReturnUrl%253D%25252FAccount%25252FLogin%25253FReturnUrl%25253D%2525252FAccount%2525252FLogin%2525253FReturnUrl%2525253D%252525252FAccount%252525252FLogin%252525253FReturnUrl%252525253D%25252525252FAccount%25252525252FLogin%25252525253FReturnUrl%25252525253D%2525252525252FAccount%2525252525252FLogin%2525252525253FReturnUrl%2525252525253D%252525252525252FAccount%252525252525252FLogin%252525252525253FReturnUrl%252525252525253D%25252525252525252FAccount%25252525252525252FLogin%25252525252525253FReturnUrl%25252525252525253D%2525252525252525252FAccount%2525252525252525252FLogin%2525252525252525253FReturnUrl%2525252525252525253D%252525252525252525252FAccount%252525252525252525252FLogin%252525252525252525253FReturnUrl%252525252525252525253D%25252525252525252525252FAccount%25252525252525252525252FLogin%25252525252525252525253FReturnUrl%25252525252525252525253D%2525252525252525252525252FAccount%2525252525252525252525252FLogin%2525252525252525252525253FReturnUrl%2525252525252525252525253D%252525252525252525252525252FAccount%252525252525252525252525252FLogin%252525252525252525252525253FReturnUrl%252525252525252525252525253D%25252525252525252525252525252FAccount%25252525252525252525252525252FLogin%25252525252525252525252525253FReturnUrl%25252525252525252525252525253D%2525252525252525252525252525252FAccount%2525252525252525252525252525252FLogin%2525252525252525252525252525253FReturnUrl%2525252525252525252525252525253D%252525252525252525252525252525252FAccount%252525252525252525252525252525252FLogin%252525252525252525252525252525253FReturnUrl%252525252525252525252525252525253D%25252525252525252525252525252525252FAccount%25252525252525252525252525252525252FLogin%25252525252525252525252525252525253FReturnUrl%25252525252525252525252525252525253D%2525252525252525252525252525252525252FAccount%2525252525252525252525252525252525252FLogin%2525252525252525252525252525252525253FReturnUrl%2525252525252525252525252525252525253D%252525252525252525252525252525252525252FAccount%252525252525252525252525252525252525252FLogin%252525252525252525252525252525252525253FReturnUrl%252525252525252525252525252525252525253D%25252525252525252525252525252525252525252FAccount%25252525252525252525252525252525252525252FLogin%25252525252525252525252525252525252525253FReturnUrl%25252525252525252525252525252525252525253D%2525252525252525252525252525252525252525252FAccount%2525252525252525252525252525252525252525252FLogin%2525252525252525252525252525252525252525253FReturnUrl%2525252525252525252525252525252525252525253D%252525252525252525252525252525252525252525252FAccount%252525252525252525252525252525252525252525252FLogin%252525252525252525252525252525252525252525253FReturnUrl%252525252525252525252525252525252525252525253D%25252525252525252525252525252525252525252525252FAccount%25252525252525252525252525252525252525252525252FLogin%25252525252525252525252525252525252525252525253FReturnUrl%25252525252525252525252525252525252525252525253D%2525252525252525252525252525252525252525252525252FAccount%2525252525252525252525252525252525252525252525252FLogin%2525252525252525252525252525252525252525252525253FReturnUrl%2525252525252525252525252525252525252525252525253D%252525252525252525252525252525252525252525252525252FAccount%252525252525252525252525252525252525252525252525252FLogin%252525252525252525252525252525252525252525252525253FReturnUrl%252525252525252525252525252525252525252525252525253D%25252525252525252525252525252525252525252525252525252FAccount%25252525252525252525252525252525252525252525252525252FLogin%25252525252525252525252525252525252525252525252525253FReturnUrl%25252525252525252525252525252525252525252525252525253D%2525252525252525252525252525252525252525252525252525252FAccount%2525252525252525252525252525252525252525252525252525252FLogin%2525252525252525252525252525252525252525252525252525253FReturnUrl%2525252525252525252525252525252525252525252525252525253D%252525252525252525252525252525252525252525252525252525252FAccount%252525252525252525252525252525252525252525252525252525252FLogin%252525252525252525252525252525252525252525252525252525253FReturnUrl%252525252525252525252525252525252525252525252525252525253D%25252525252525252525252525252525252525252525252525252525252FAccount%25252525252525252525252525252525252525252525252525252525252FLogin%25252525252525252525252525252525252525252525252525252525253FReturnUrl%25252525252525252525252525252525252525252525252525252525253D%2525252525252525252525252525252525252525252525252525252525252FAccount%2525252525252525252525252525252525252525252525252525252525252FLogin%2525252525252525252525252525252525252525252525252525252525253FReturnUrl%2525252525252525252525252525252525252525252525252525252525253D%252525252525252525252525252525252525252525252525252525252525252FAccount%252525252525252525252525252525252525252525252525252525252525252FLogin%252525252525252525252525252525252525252525252525252525252525253FReturnUrl%252525252525252525252525252525252525252525252525252525252525253D%25252525252525252525252525252525252525252525252525252525252525252FAccount%25252525252525252525252525252525252525252525252525252525252525252FLogin%25252525252525252525252525252525252525252525252525252525252525253FReturnUrl%25252525252525252525252525252525252525252525252525252525252525253D%2525252525252525252525252525252525252525252525252525252525252525252FAccount%2525252525252525252525252525252525252525252525252525252525252525252FLogin%2525252525252525252525252525252525252525252525252525252525252525253FReturnUrl%2525252525252525252525252525252525252525252525252525252525252525253D%252525252525252525252525252525252525252525252525252525252525252525252FAccount%252525252525252525252525252525252525252525252525252525252525252525252FLogin%252525252525252525252525252525252525252525252525252525252525252525253FReturnUrl%252525252525252525252525252525252525252525252525252525252525252525253D%25252525252525252525252525252525252525252525252525252525252525252525252FAccount%25252525252525252525252525252525252525252525252525252525252525252525252FLogin%25252525252525252525252525252525252525252525252525252525252525252525253FReturnUrl%25252525252525252525252525252525252525252525252525252525252525252525253D%2525252525252525252525252525252525252525252525252525252525252525252525252F - null null
2025-11-12 15:04:46.947 -03:00 [INF] Authorization failed. These requirements were not met:
DenyAnonymousAuthorizationRequirement: Requires an authenticated user.
2025-11-12 15:04:46.949 -03:00 [INF] AuthenticationScheme: Cookies was challenged.
2025-11-12 15:04:46.950 -03:00 [INF] Request finished HTTP/2 GET https://localhost:7173/Account/Login?ReturnUrl=%2FAccount%2FLogin%3FReturnUrl%3D%252FAccount%252FLogin%253FReturnUrl%253D%25252FAccount%25252FLogin%25253FReturnUrl%25253D%2525252FAccount%2525252FLogin%2525253FReturnUrl%2525253D%252525252FAccount%252525252FLogin%252525253FReturnUrl%252525253D%25252525252FAccount%25252525252FLogin%25252525253FReturnUrl%25252525253D%2525252525252FAccount%2525252525252FLogin%2525252525253FReturnUrl%2525252525253D%252525252525252FAccount%252525252525252FLogin%252525252525253FReturnUrl%252525252525253D%25252525252525252FAccount%25252525252525252FLogin%25252525252525253FReturnUrl%25252525252525253D%2525252525252525252FAccount%2525252525252525252FLogin%2525252525252525253FReturnUrl%2525252525252525253D%252525252525252525252FAccount%252525252525252525252FLogin%252525252525252525253FReturnUrl%252525252525252525253D%25252525252525252525252FAccount%25252525252525252525252FLogin%25252525252525252525253FReturnUrl%25252525252525252525253D%2525252525252525252525252FAccount%2525252525252525252525252FLogin%2525252525252525252525253FReturnUrl%2525252525252525252525253D%252525252525252525252525252FAccount%252525252525252525252525252FLogin%252525252525252525252525253FReturnUrl%252525252525252525252525253D%25252525252525252525252525252FAccount%25252525252525252525252525252FLogin%25252525252525252525252525253FReturnUrl%25252525252525252525252525253D%2525252525252525252525252525252FAccount%2525252525252525252525252525252FLogin%2525252525252525252525252525253FReturnUrl%2525252525252525252525252525253D%252525252525252525252525252525252FAccount%252525252525252525252525252525252FLogin%252525252525252525252525252525253FReturnUrl%252525252525252525252525252525253D%25252525252525252525252525252525252FAccount%25252525252525252525252525252525252FLogin%25252525252525252525252525252525253FReturnUrl%25252525252525252525252525252525253D%2525252525252525252525252525252525252FAccount%2525252525252525252525252525252525252FLogin%2525252525252525252525252525252525253FReturnUrl%2525252525252525252525252525252525253D%252525252525252525252525252525252525252FAccount%252525252525252525252525252525252525252FLogin%252525252525252525252525252525252525253FReturnUrl%252525252525252525252525252525252525253D%25252525252525252525252525252525252525252FAccount%25252525252525252525252525252525252525252FLogin%25252525252525252525252525252525252525253FReturnUrl%25252525252525252525252525252525252525253D%2525252525252525252525252525252525252525252FAccount%2525252525252525252525252525252525252525252FLogin%2525252525252525252525252525252525252525253FReturnUrl%2525252525252525252525252525252525252525253D%252525252525252525252525252525252525252525252FAccount%252525252525252525252525252525252525252525252FLogin%252525252525252525252525252525252525252525253FReturnUrl%252525252525252525252525252525252525252525253D%25252525252525252525252525252525252525252525252FAccount%25252525252525252525252525252525252525252525252FLogin%25252525252525252525252525252525252525252525253FReturnUrl%25252525252525252525252525252525252525252525253D%2525252525252525252525252525252525252525252525252FAccount%2525252525252525252525252525252525252525252525252FLogin%2525252525252525252525252525252525252525252525253FReturnUrl%2525252525252525252525252525252525252525252525253D%252525252525252525252525252525252525252525252525252FAccount%252525252525252525252525252525252525252525252525252FLogin%252525252525252525252525252525252525252525252525253FReturnUrl%252525252525252525252525252525252525252525252525253D%25252525252525252525252525252525252525252525252525252FAccount%25252525252525252525252525252525252525252525252525252FLogin%25252525252525252525252525252525252525252525252525253FReturnUrl%25252525252525252525252525252525252525252525252525253D%2525252525252525252525252525252525252525252525252525252FAccount%2525252525252525252525252525252525252525252525252525252FLogin%2525252525252525252525252525252525252525252525252525253FReturnUrl%2525252525252525252525252525252525252525252525252525253D%252525252525252525252525252525252525252525252525252525252FAccount%252525252525252525252525252525252525252525252525252525252FLogin%252525252525252525252525252525252525252525252525252525253FReturnUrl%252525252525252525252525252525252525252525252525252525253D%25252525252525252525252525252525252525252525252525252525252FAccount%25252525252525252525252525252525252525252525252525252525252FLogin%25252525252525252525252525252525252525252525252525252525253FReturnUrl%25252525252525252525252525252525252525252525252525252525253D%2525252525252525252525252525252525252525252525252525252525252FAccount%2525252525252525252525252525252525252525252525252525252525252FLogin%2525252525252525252525252525252525252525252525252525252525253FReturnUrl%2525252525252525252525252525252525252525252525252525252525253D%252525252525252525252525252525252525252525252525252525252525252FAccount%252525252525252525252525252525252525252525252525252525252525252FLogin%252525252525252525252525252525252525252525252525252525252525253FReturnUrl%252525252525252525252525252525252525252525252525252525252525253D%25252525252525252525252525252525252525252525252525252525252525252FAccount%25252525252525252525252525252525252525252525252525252525252525252FLogin%25252525252525252525252525252525252525252525252525252525252525253FReturnUrl%25252525252525252525252525252525252525252525252525252525252525253D%2525252525252525252525252525252525252525252525252525252525252525252FAccount%2525252525252525252525252525252525252525252525252525252525252525252FLogin%2525252525252525252525252525252525252525252525252525252525252525253FReturnUrl%2525252525252525252525252525252525252525252525252525252525252525253D%252525252525252525252525252525252525252525252525252525252525252525252FAccount%252525252525252525252525252525252525252525252525252525252525252525252FLogin%252525252525252525252525252525252525252525252525252525252525252525253FReturnUrl%252525252525252525252525252525252525252525252525252525252525252525253D%25252525252525252525252525252525252525252525252525252525252525252525252FAccount%25252525252525252525252525252525252525252525252525252525252525252525252FLogin%25252525252525252525252525252525252525252525252525252525252525252525253FReturnUrl%25252525252525252525252525252525252525252525252525252525252525252525253D%2525252525252525252525252525252525252525252525252525252525252525252525252F - 302 0 null 15.2554ms
2025-11-12 15:04:47.031 -03:00 [INF] Request starting HTTP/2 GET https://localhost:7173/Account/Login?ReturnUrl=%2FAccount%2FLogin%3FReturnUrl%3D%252FAccount%252FLogin%253FReturnUrl%253D%25252FAccount%25252FLogin%25253FReturnUrl%25253D%2525252FAccount%2525252FLogin%2525253FReturnUrl%2525253D%252525252FAccount%252525252FLogin%252525253FReturnUrl%252525253D%25252525252FAccount%25252525252FLogin%25252525253FReturnUrl%25252525253D%2525252525252FAccount%2525252525252FLogin%2525252525253FReturnUrl%2525252525253D%252525252525252FAccount%252525252525252FLogin%252525252525253FReturnUrl%252525252525253D%25252525252525252FAccount%25252525252525252FLogin%25252525252525253FReturnUrl%25252525252525253D%2525252525252525252FAccount%2525252525252525252FLogin%2525252525252525253FReturnUrl%2525252525252525253D%252525252525252525252FAccount%252525252525252525252FLogin%252525252525252525253FReturnUrl%252525252525252525253D%25252525252525252525252FAccount%25252525252525252525252FLogin%25252525252525252525253FReturnUrl%25252525252525252525253D%2525252525252525252525252FAccount%2525252525252525252525252FLogin%2525252525252525252525253FReturnUrl%2525252525252525252525253D%252525252525252525252525252FAccount%252525252525252525252525252FLogin%252525252525252525252525253FReturnUrl%252525252525252525252525253D%25252525252525252525252525252FAccount%25252525252525252525252525252FLogin%25252525252525252525252525253FReturnUrl%25252525252525252525252525253D%2525252525252525252525252525252FAccount%2525252525252525252525252525252FLogin%2525252525252525252525252525253FReturnUrl%2525252525252525252525252525253D%252525252525252525252525252525252FAccount%252525252525252525252525252525252FLogin%252525252525252525252525252525253FReturnUrl%252525252525252525252525252525253D%25252525252525252525252525252525252FAccount%25252525252525252525252525252525252FLogin%25252525252525252525252525252525253FReturnUrl%25252525252525252525252525252525253D%2525252525252525252525252525252525252FAccount%2525252525252525252525252525252525252FLogin%2525252525252525252525252525252525253FReturnUrl%2525252525252525252525252525252525253D%252525252525252525252525252525252525252FAccount%252525252525252525252525252525252525252FLogin%252525252525252525252525252525252525253FReturnUrl%252525252525252525252525252525252525253D%25252525252525252525252525252525252525252FAccount%25252525252525252525252525252525252525252FLogin%25252525252525252525252525252525252525253FReturnUrl%25252525252525252525252525252525252525253D%2525252525252525252525252525252525252525252FAccount%2525252525252525252525252525252525252525252FLogin%2525252525252525252525252525252525252525253FReturnUrl%2525252525252525252525252525252525252525253D%252525252525252525252525252525252525252525252FAccount%252525252525252525252525252525252525252525252FLogin%252525252525252525252525252525252525252525253FReturnUrl%252525252525252525252525252525252525252525253D%25252525252525252525252525252525252525252525252FAccount%25252525252525252525252525252525252525252525252FLogin%25252525252525252525252525252525252525252525253FReturnUrl%25252525252525252525252525252525252525252525253D%2525252525252525252525252525252525252525252525252FAccount%2525252525252525252525252525252525252525252525252FLogin%2525252525252525252525252525252525252525252525253FReturnUrl%2525252525252525252525252525252525252525252525253D%252525252525252525252525252525252525252525252525252FAccount%252525252525252525252525252525252525252525252525252FLogin%252525252525252525252525252525252525252525252525253FReturnUrl%252525252525252525252525252525252525252525252525253D%25252525252525252525252525252525252525252525252525252FAccount%25252525252525252525252525252525252525252525252525252FLogin%25252525252525252525252525252525252525252525252525253FReturnUrl%25252525252525252525252525252525252525252525252525253D%2525252525252525252525252525252525252525252525252525252FAccount%2525252525252525252525252525252525252525252525252525252FLogin%2525252525252525252525252525252525252525252525252525253FReturnUrl%2525252525252525252525252525252525252525252525252525253D%252525252525252525252525252525252525252525252525252525252FAccount%252525252525252525252525252525252525252525252525252525252FLogin%252525252525252525252525252525252525252525252525252525253FReturnUrl%252525252525252525252525252525252525252525252525252525253D%25252525252525252525252525252525252525252525252525252525252FAccount%25252525252525252525252525252525252525252525252525252525252FLogin%25252525252525252525252525252525252525252525252525252525253FReturnUrl%25252525252525252525252525252525252525252525252525252525253D%2525252525252525252525252525252525252525252525252525252525252FAccount%2525252525252525252525252525252525252525252525252525252525252FLogin%2525252525252525252525252525252525252525252525252525252525253FReturnUrl%2525252525252525252525252525252525252525252525252525252525253D%252525252525252525252525252525252525252525252525252525252525252FAccount%252525252525252525252525252525252525252525252525252525252525252FLogin%252525252525252525252525252525252525252525252525252525252525253FReturnUrl%252525252525252525252525252525252525252525252525252525252525253D%25252525252525252525252525252525252525252525252525252525252525252FAccount%25252525252525252525252525252525252525252525252525252525252525252FLogin%25252525252525252525252525252525252525252525252525252525252525253FReturnUrl%25252525252525252525252525252525252525252525252525252525252525253D%2525252525252525252525252525252525252525252525252525252525252525252FAccount%2525252525252525252525252525252525252525252525252525252525252525252FLogin%2525252525252525252525252525252525252525252525252525252525252525253FReturnUrl%2525252525252525252525252525252525252525252525252525252525252525253D%252525252525252525252525252525252525252525252525252525252525252525252FAccount%252525252525252525252525252525252525252525252525252525252525252525252FLogin%252525252525252525252525252525252525252525252525252525252525252525253FReturnUrl%252525252525252525252525252525252525252525252525252525252525252525253D%25252525252525252525252525252525252525252525252525252525252525252525252FAccount%25252525252525252525252525252525252525252525252525252525252525252525252FLogin%25252525252525252525252525252525252525252525252525252525252525252525253FReturnUrl%25252525252525252525252525252525252525252525252525252525252525252525253D%2525252525252525252525252525252525252525252525252525252525252525252525252FAccount%2525252525252525252525252525252525252525252525252525252525252525252525252FLogin%2525252525252525252525252525252525252525252525252525252525252525252525253FReturnUrl%2525252525252525252525252525252525252525252525252525252525252525252525253D%252525252525252525252525252525252525252525252525252525252525252525252525252F - null null
2025-11-12 15:04:47.043 -03:00 [INF] Authorization failed. These requirements were not met:
DenyAnonymousAuthorizationRequirement: Requires an authenticated user.
2025-11-12 15:04:47.044 -03:00 [INF] AuthenticationScheme: Cookies was challenged.
2025-11-12 15:04:47.045 -03:00 [INF] Request finished HTTP/2 GET https://localhost:7173/Account/Login?ReturnUrl=%2FAccount%2FLogin%3FReturnUrl%3D%252FAccount%252FLogin%253FReturnUrl%253D%25252FAccount%25252FLogin%25253FReturnUrl%25253D%2525252FAccount%2525252FLogin%2525253FReturnUrl%2525253D%252525252FAccount%252525252FLogin%252525253FReturnUrl%252525253D%25252525252FAccount%25252525252FLogin%25252525253FReturnUrl%25252525253D%2525252525252FAccount%2525252525252FLogin%2525252525253FReturnUrl%2525252525253D%252525252525252FAccount%252525252525252FLogin%252525252525253FReturnUrl%252525252525253D%25252525252525252FAccount%25252525252525252FLogin%25252525252525253FReturnUrl%25252525252525253D%2525252525252525252FAccount%2525252525252525252FLogin%2525252525252525253FReturnUrl%2525252525252525253D%252525252525252525252FAccount%252525252525252525252FLogin%252525252525252525253FReturnUrl%252525252525252525253D%25252525252525252525252FAccount%25252525252525252525252FLogin%25252525252525252525253FReturnUrl%25252525252525252525253D%2525252525252525252525252FAccount%2525252525252525252525252FLogin%2525252525252525252525253FReturnUrl%2525252525252525252525253D%252525252525252525252525252FAccount%252525252525252525252525252FLogin%252525252525252525252525253FReturnUrl%252525252525252525252525253D%25252525252525252525252525252FAccount%25252525252525252525252525252FLogin%25252525252525252525252525253FReturnUrl%25252525252525252525252525253D%2525252525252525252525252525252FAccount%2525252525252525252525252525252FLogin%2525252525252525252525252525253FReturnUrl%2525252525252525252525252525253D%252525252525252525252525252525252FAccount%252525252525252525252525252525252FLogin%252525252525252525252525252525253FReturnUrl%252525252525252525252525252525253D%25252525252525252525252525252525252FAccount%25252525252525252525252525252525252FLogin%25252525252525252525252525252525253FReturnUrl%25252525252525252525252525252525253D%2525252525252525252525252525252525252FAccount%2525252525252525252525252525252525252FLogin%2525252525252525252525252525252525253FReturnUrl%2525252525252525252525252525252525253D%252525252525252525252525252525252525252FAccount%252525252525252525252525252525252525252FLogin%252525252525252525252525252525252525253FReturnUrl%252525252525252525252525252525252525253D%25252525252525252525252525252525252525252FAccount%25252525252525252525252525252525252525252FLogin%25252525252525252525252525252525252525253FReturnUrl%25252525252525252525252525252525252525253D%2525252525252525252525252525252525252525252FAccount%2525252525252525252525252525252525252525252FLogin%2525252525252525252525252525252525252525253FReturnUrl%2525252525252525252525252525252525252525253D%252525252525252525252525252525252525252525252FAccount%252525252525252525252525252525252525252525252FLogin%252525252525252525252525252525252525252525253FReturnUrl%252525252525252525252525252525252525252525253D%25252525252525252525252525252525252525252525252FAccount%25252525252525252525252525252525252525252525252FLogin%25252525252525252525252525252525252525252525253FReturnUrl%25252525252525252525252525252525252525252525253D%2525252525252525252525252525252525252525252525252FAccount%2525252525252525252525252525252525252525252525252FLogin%2525252525252525252525252525252525252525252525253FReturnUrl%2525252525252525252525252525252525252525252525253D%252525252525252525252525252525252525252525252525252FAccount%252525252525252525252525252525252525252525252525252FLogin%252525252525252525252525252525252525252525252525253FReturnUrl%252525252525252525252525252525252525252525252525253D%25252525252525252525252525252525252525252525252525252FAccount%25252525252525252525252525252525252525252525252525252FLogin%25252525252525252525252525252525252525252525252525253FReturnUrl%25252525252525252525252525252525252525252525252525253D%2525252525252525252525252525252525252525252525252525252FAccount%2525252525252525252525252525252525252525252525252525252FLogin%2525252525252525252525252525252525252525252525252525253FReturnUrl%2525252525252525252525252525252525252525252525252525253D%252525252525252525252525252525252525252525252525252525252FAccount%252525252525252525252525252525252525252525252525252525252FLogin%252525252525252525252525252525252525252525252525252525253FReturnUrl%252525252525252525252525252525252525252525252525252525253D%25252525252525252525252525252525252525252525252525252525252FAccount%25252525252525252525252525252525252525252525252525252525252FLogin%25252525252525252525252525252525252525252525252525252525253FReturnUrl%25252525252525252525252525252525252525252525252525252525253D%2525252525252525252525252525252525252525252525252525252525252FAccount%2525252525252525252525252525252525252525252525252525252525252FLogin%2525252525252525252525252525252525252525252525252525252525253FReturnUrl%2525252525252525252525252525252525252525252525252525252525253D%252525252525252525252525252525252525252525252525252525252525252FAccount%252525252525252525252525252525252525252525252525252525252525252FLogin%252525252525252525252525252525252525252525252525252525252525253FReturnUrl%252525252525252525252525252525252525252525252525252525252525253D%25252525252525252525252525252525252525252525252525252525252525252FAccount%25252525252525252525252525252525252525252525252525252525252525252FLogin%25252525252525252525252525252525252525252525252525252525252525253FReturnUrl%25252525252525252525252525252525252525252525252525252525252525253D%2525252525252525252525252525252525252525252525252525252525252525252FAccount%2525252525252525252525252525252525252525252525252525252525252525252FLogin%2525252525252525252525252525252525252525252525252525252525252525253FReturnUrl%2525252525252525252525252525252525252525252525252525252525252525253D%252525252525252525252525252525252525252525252525252525252525252525252FAccount%252525252525252525252525252525252525252525252525252525252525252525252FLogin%252525252525252525252525252525252525252525252525252525252525252525253FReturnUrl%252525252525252525252525252525252525252525252525252525252525252525253D%25252525252525252525252525252525252525252525252525252525252525252525252FAccount%25252525252525252525252525252525252525252525252525252525252525252525252FLogin%25252525252525252525252525252525252525252525252525252525252525252525253FReturnUrl%25252525252525252525252525252525252525252525252525252525252525252525253D%2525252525252525252525252525252525252525252525252525252525252525252525252FAccount%2525252525252525252525252525252525252525252525252525252525252525252525252FLogin%2525252525252525252525252525252525252525252525252525252525252525252525253FReturnUrl%2525252525252525252525252525252525252525252525252525252525252525252525253D%252525252525252525252525252525252525252525252525252525252525252525252525252F - 302 0 null 14.1366ms
2025-11-12 15:04:52.214 -03:00 [INF] Request starting HTTP/2 GET https://localhost:7173/Account/Login?ReturnUrl=%2FAccount%2FLogin%3FReturnUrl%3D%252FAccount%252FLogin%253FReturnUrl%253D%25252FAccount%25252FLogin%25253FReturnUrl%25253D%2525252FAccount%2525252FLogin%2525253FReturnUrl%2525253D%252525252FAccount%252525252FLogin%252525253FReturnUrl%252525253D%25252525252FAccount%25252525252FLogin%25252525253FReturnUrl%25252525253D%2525252525252FAccount%2525252525252FLogin%2525252525253FReturnUrl%2525252525253D%252525252525252FAccount%252525252525252FLogin%252525252525253FReturnUrl%252525252525253D%25252525252525252FAccount%25252525252525252FLogin%25252525252525253FReturnUrl%25252525252525253D%2525252525252525252FAccount%2525252525252525252FLogin%2525252525252525253FReturnUrl%2525252525252525253D%252525252525252525252FAccount%252525252525252525252FLogin%252525252525252525253FReturnUrl%252525252525252525253D%25252525252525252525252FAccount%25252525252525252525252FLogin%25252525252525252525253FReturnUrl%25252525252525252525253D%2525252525252525252525252FAccount%2525252525252525252525252FLogin%2525252525252525252525253FReturnUrl%2525252525252525252525253D%252525252525252525252525252FAccount%252525252525252525252525252FLogin%252525252525252525252525253FReturnUrl%252525252525252525252525253D%25252525252525252525252525252FAccount%25252525252525252525252525252FLogin%25252525252525252525252525253FReturnUrl%25252525252525252525252525253D%2525252525252525252525252525252FAccount%2525252525252525252525252525252FLogin%2525252525252525252525252525253FReturnUrl%2525252525252525252525252525253D%252525252525252525252525252525252FAccount%252525252525252525252525252525252FLogin%252525252525252525252525252525253FReturnUrl%252525252525252525252525252525253D%25252525252525252525252525252525252FAccount%25252525252525252525252525252525252FLogin%25252525252525252525252525252525253FReturnUrl%25252525252525252525252525252525253D%2525252525252525252525252525252525252FAccount%2525252525252525252525252525252525252FLogin%2525252525252525252525252525252525253FReturnUrl%2525252525252525252525252525252525253D%252525252525252525252525252525252525252FAccount%252525252525252525252525252525252525252FLogin%252525252525252525252525252525252525253FReturnUrl%252525252525252525252525252525252525253D%25252525252525252525252525252525252525252FAccount%25252525252525252525252525252525252525252FLogin%25252525252525252525252525252525252525253FReturnUrl%25252525252525252525252525252525252525253D%2525252525252525252525252525252525252525252FAccount%2525252525252525252525252525252525252525252FLogin%2525252525252525252525252525252525252525253FReturnUrl%2525252525252525252525252525252525252525253D%252525252525252525252525252525252525252525252FAccount%252525252525252525252525252525252525252525252FLogin%252525252525252525252525252525252525252525253FReturnUrl%252525252525252525252525252525252525252525253D%25252525252525252525252525252525252525252525252FAccount%25252525252525252525252525252525252525252525252FLogin%25252525252525252525252525252525252525252525253FReturnUrl%25252525252525252525252525252525252525252525253D%2525252525252525252525252525252525252525252525252FAccount%2525252525252525252525252525252525252525252525252FLogin%2525252525252525252525252525252525252525252525253FReturnUrl%2525252525252525252525252525252525252525252525253D%252525252525252525252525252525252525252525252525252FAccount%252525252525252525252525252525252525252525252525252FLogin%252525252525252525252525252525252525252525252525253FReturnUrl%252525252525252525252525252525252525252525252525253D%25252525252525252525252525252525252525252525252525252FAccount%25252525252525252525252525252525252525252525252525252FLogin%25252525252525252525252525252525252525252525252525253FReturnUrl%25252525252525252525252525252525252525252525252525253D%2525252525252525252525252525252525252525252525252525252FAccount%2525252525252525252525252525252525252525252525252525252FLogin%2525252525252525252525252525252525252525252525252525253FReturnUrl%2525252525252525252525252525252525252525252525252525253D%252525252525252525252525252525252525252525252525252525252FAccount%252525252525252525252525252525252525252525252525252525252FLogin%252525252525252525252525252525252525252525252525252525253FReturnUrl%252525252525252525252525252525252525252525252525252525253D%25252525252525252525252525252525252525252525252525252525252FAccount%25252525252525252525252525252525252525252525252525252525252FLogin%25252525252525252525252525252525252525252525252525252525253FReturnUrl%25252525252525252525252525252525252525252525252525252525253D%2525252525252525252525252525252525252525252525252525252525252FAccount%2525252525252525252525252525252525252525252525252525252525252FLogin%2525252525252525252525252525252525252525252525252525252525253FReturnUrl%2525252525252525252525252525252525252525252525252525252525253D%252525252525252525252525252525252525252525252525252525252525252FAccount%252525252525252525252525252525252525252525252525252525252525252FLogin%252525252525252525252525252525252525252525252525252525252525253FReturnUrl%252525252525252525252525252525252525252525252525252525252525253D%25252525252525252525252525252525252525252525252525252525252525252FAccount%25252525252525252525252525252525252525252525252525252525252525252FLogin%25252525252525252525252525252525252525252525252525252525252525253FReturnUrl%25252525252525252525252525252525252525252525252525252525252525253D%2525252525252525252525252525252525252525252525252525252525252525252FAccount%2525252525252525252525252525252525252525252525252525252525252525252FLogin%2525252525252525252525252525252525252525252525252525252525252525253FReturnUrl%2525252525252525252525252525252525252525252525252525252525252525253D%252525252525252525252525252525252525252525252525252525252525252525252FAccount%252525252525252525252525252525252525252525252525252525252525252525252FLogin%252525252525252525252525252525252525252525252525252525252525252525253FReturnUrl%252525252525252525252525252525252525252525252525252525252525252525253D%25252525252525252525252525252525252525252525252525252525252525252525252FAccount%25252525252525252525252525252525252525252525252525252525252525252525252FLogin%25252525252525252525252525252525252525252525252525252525252525252525253FReturnUrl%25252525252525252525252525252525252525252525252525252525252525252525253D%2525252525252525252525252525252525252525252525252525252525252525252525252FAccount%2525252525252525252525252525252525252525252525252525252525252525252525252FLogin%2525252525252525252525252525252525252525252525252525252525252525252525253FReturnUrl%2525252525252525252525252525252525252525252525252525252525252525252525253D%252525252525252525252525252525252525252525252525252525252525252525252525252F - null null
2025-11-12 15:04:52.222 -03:00 [INF] Authorization failed. These requirements were not met:
DenyAnonymousAuthorizationRequirement: Requires an authenticated user.
2025-11-12 15:04:52.223 -03:00 [INF] AuthenticationScheme: Cookies was challenged.
2025-11-12 15:04:52.224 -03:00 [INF] Request finished HTTP/2 GET https://localhost:7173/Account/Login?ReturnUrl=%2FAccount%2FLogin%3FReturnUrl%3D%252FAccount%252FLogin%253FReturnUrl%253D%25252FAccount%25252FLogin%25253FReturnUrl%25253D%2525252FAccount%2525252FLogin%2525253FReturnUrl%2525253D%252525252FAccount%252525252FLogin%252525253FReturnUrl%252525253D%25252525252FAccount%25252525252FLogin%25252525253FReturnUrl%25252525253D%2525252525252FAccount%2525252525252FLogin%2525252525253FReturnUrl%2525252525253D%252525252525252FAccount%252525252525252FLogin%252525252525253FReturnUrl%252525252525253D%25252525252525252FAccount%25252525252525252FLogin%25252525252525253FReturnUrl%25252525252525253D%2525252525252525252FAccount%2525252525252525252FLogin%2525252525252525253FReturnUrl%2525252525252525253D%252525252525252525252FAccount%252525252525252525252FLogin%252525252525252525253FReturnUrl%252525252525252525253D%25252525252525252525252FAccount%25252525252525252525252FLogin%25252525252525252525253FReturnUrl%25252525252525252525253D%2525252525252525252525252FAccount%2525252525252525252525252FLogin%2525252525252525252525253FReturnUrl%2525252525252525252525253D%252525252525252525252525252FAccount%252525252525252525252525252FLogin%252525252525252525252525253FReturnUrl%252525252525252525252525253D%25252525252525252525252525252FAccount%25252525252525252525252525252FLogin%25252525252525252525252525253FReturnUrl%25252525252525252525252525253D%2525252525252525252525252525252FAccount%2525252525252525252525252525252FLogin%2525252525252525252525252525253FReturnUrl%2525252525252525252525252525253D%252525252525252525252525252525252FAccount%252525252525252525252525252525252FLogin%252525252525252525252525252525253FReturnUrl%252525252525252525252525252525253D%25252525252525252525252525252525252FAccount%25252525252525252525252525252525252FLogin%25252525252525252525252525252525253FReturnUrl%25252525252525252525252525252525253D%2525252525252525252525252525252525252FAccount%2525252525252525252525252525252525252FLogin%2525252525252525252525252525252525253FReturnUrl%2525252525252525252525252525252525253D%252525252525252525252525252525252525252FAccount%252525252525252525252525252525252525252FLogin%252525252525252525252525252525252525253FReturnUrl%252525252525252525252525252525252525253D%25252525252525252525252525252525252525252FAccount%25252525252525252525252525252525252525252FLogin%25252525252525252525252525252525252525253FReturnUrl%25252525252525252525252525252525252525253D%2525252525252525252525252525252525252525252FAccount%2525252525252525252525252525252525252525252FLogin%2525252525252525252525252525252525252525253FReturnUrl%2525252525252525252525252525252525252525253D%252525252525252525252525252525252525252525252FAccount%252525252525252525252525252525252525252525252FLogin%252525252525252525252525252525252525252525253FReturnUrl%252525252525252525252525252525252525252525253D%25252525252525252525252525252525252525252525252FAccount%25252525252525252525252525252525252525252525252FLogin%25252525252525252525252525252525252525252525253FReturnUrl%25252525252525252525252525252525252525252525253D%2525252525252525252525252525252525252525252525252FAccount%2525252525252525252525252525252525252525252525252FLogin%2525252525252525252525252525252525252525252525253FReturnUrl%2525252525252525252525252525252525252525252525253D%252525252525252525252525252525252525252525252525252FAccount%252525252525252525252525252525252525252525252525252FLogin%252525252525252525252525252525252525252525252525253FReturnUrl%252525252525252525252525252525252525252525252525253D%25252525252525252525252525252525252525252525252525252FAccount%25252525252525252525252525252525252525252525252525252FLogin%25252525252525252525252525252525252525252525252525253FReturnUrl%25252525252525252525252525252525252525252525252525253D%2525252525252525252525252525252525252525252525252525252FAccount%2525252525252525252525252525252525252525252525252525252FLogin%2525252525252525252525252525252525252525252525252525253FReturnUrl%2525252525252525252525252525252525252525252525252525253D%252525252525252525252525252525252525252525252525252525252FAccount%252525252525252525252525252525252525252525252525252525252FLogin%252525252525252525252525252525252525252525252525252525253FReturnUrl%252525252525252525252525252525252525252525252525252525253D%25252525252525252525252525252525252525252525252525252525252FAccount%25252525252525252525252525252525252525252525252525252525252FLogin%25252525252525252525252525252525252525252525252525252525253FReturnUrl%25252525252525252525252525252525252525252525252525252525253D%2525252525252525252525252525252525252525252525252525252525252FAccount%2525252525252525252525252525252525252525252525252525252525252FLogin%2525252525252525252525252525252525252525252525252525252525253FReturnUrl%2525252525252525252525252525252525252525252525252525252525253D%252525252525252525252525252525252525252525252525252525252525252FAccount%252525252525252525252525252525252525252525252525252525252525252FLogin%252525252525252525252525252525252525252525252525252525252525253FReturnUrl%252525252525252525252525252525252525252525252525252525252525253D%25252525252525252525252525252525252525252525252525252525252525252FAccount%25252525252525252525252525252525252525252525252525252525252525252FLogin%25252525252525252525252525252525252525252525252525252525252525253FReturnUrl%25252525252525252525252525252525252525252525252525252525252525253D%2525252525252525252525252525252525252525252525252525252525252525252FAccount%2525252525252525252525252525252525252525252525252525252525252525252FLogin%2525252525252525252525252525252525252525252525252525252525252525253FReturnUrl%2525252525252525252525252525252525252525252525252525252525252525253D%252525252525252525252525252525252525252525252525252525252525252525252FAccount%252525252525252525252525252525252525252525252525252525252525252525252FLogin%252525252525252525252525252525252525252525252525252525252525252525253FReturnUrl%252525252525252525252525252525252525252525252525252525252525252525253D%25252525252525252525252525252525252525252525252525252525252525252525252FAccount%25252525252525252525252525252525252525252525252525252525252525252525252FLogin%25252525252525252525252525252525252525252525252525252525252525252525253FReturnUrl%25252525252525252525252525252525252525252525252525252525252525252525253D%2525252525252525252525252525252525252525252525252525252525252525252525252FAccount%2525252525252525252525252525252525252525252525252525252525252525252525252FLogin%2525252525252525252525252525252525252525252525252525252525252525252525253FReturnUrl%2525252525252525252525252525252525252525252525252525252525252525252525253D%252525252525252525252525252525252525252525252525252525252525252525252525252F - 302 0 null 9.9827ms
2025-11-12 15:04:52.229 -03:00 [INF] Request starting HTTP/2 GET https://localhost:7173/Account/Login?ReturnUrl=%2FAccount%2FLogin%3FReturnUrl%3D%252FAccount%252FLogin%253FReturnUrl%253D%25252FAccount%25252FLogin%25253FReturnUrl%25253D%2525252FAccount%2525252FLogin%2525253FReturnUrl%2525253D%252525252FAccount%252525252FLogin%252525253FReturnUrl%252525253D%25252525252FAccount%25252525252FLogin%25252525253FReturnUrl%25252525253D%2525252525252FAccount%2525252525252FLogin%2525252525253FReturnUrl%2525252525253D%252525252525252FAccount%252525252525252FLogin%252525252525253FReturnUrl%252525252525253D%25252525252525252FAccount%25252525252525252FLogin%25252525252525253FReturnUrl%25252525252525253D%2525252525252525252FAccount%2525252525252525252FLogin%2525252525252525253FReturnUrl%2525252525252525253D%252525252525252525252FAccount%252525252525252525252FLogin%252525252525252525253FReturnUrl%252525252525252525253D%25252525252525252525252FAccount%25252525252525252525252FLogin%25252525252525252525253FReturnUrl%25252525252525252525253D%2525252525252525252525252FAccount%2525252525252525252525252FLogin%2525252525252525252525253FReturnUrl%2525252525252525252525253D%252525252525252525252525252FAccount%252525252525252525252525252FLogin%252525252525252525252525253FReturnUrl%252525252525252525252525253D%25252525252525252525252525252FAccount%25252525252525252525252525252FLogin%25252525252525252525252525253FReturnUrl%25252525252525252525252525253D%2525252525252525252525252525252FAccount%2525252525252525252525252525252FLogin%2525252525252525252525252525253FReturnUrl%2525252525252525252525252525253D%252525252525252525252525252525252FAccount%252525252525252525252525252525252FLogin%252525252525252525252525252525253FReturnUrl%252525252525252525252525252525253D%25252525252525252525252525252525252FAccount%25252525252525252525252525252525252FLogin%25252525252525252525252525252525253FReturnUrl%25252525252525252525252525252525253D%2525252525252525252525252525252525252FAccount%2525252525252525252525252525252525252FLogin%2525252525252525252525252525252525253FReturnUrl%2525252525252525252525252525252525253D%252525252525252525252525252525252525252FAccount%252525252525252525252525252525252525252FLogin%252525252525252525252525252525252525253FReturnUrl%252525252525252525252525252525252525253D%25252525252525252525252525252525252525252FAccount%25252525252525252525252525252525252525252FLogin%25252525252525252525252525252525252525253FReturnUrl%25252525252525252525252525252525252525253D%2525252525252525252525252525252525252525252FAccount%2525252525252525252525252525252525252525252FLogin%2525252525252525252525252525252525252525253FReturnUrl%2525252525252525252525252525252525252525253D%252525252525252525252525252525252525252525252FAccount%252525252525252525252525252525252525252525252FLogin%252525252525252525252525252525252525252525253FReturnUrl%252525252525252525252525252525252525252525253D%25252525252525252525252525252525252525252525252FAccount%25252525252525252525252525252525252525252525252FLogin%25252525252525252525252525252525252525252525253FReturnUrl%25252525252525252525252525252525252525252525253D%2525252525252525252525252525252525252525252525252FAccount%2525252525252525252525252525252525252525252525252FLogin%2525252525252525252525252525252525252525252525253FReturnUrl%2525252525252525252525252525252525252525252525253D%252525252525252525252525252525252525252525252525252FAccount%252525252525252525252525252525252525252525252525252FLogin%252525252525252525252525252525252525252525252525253FReturnUrl%252525252525252525252525252525252525252525252525253D%25252525252525252525252525252525252525252525252525252FAccount%25252525252525252525252525252525252525252525252525252FLogin%25252525252525252525252525252525252525252525252525253FReturnUrl%25252525252525252525252525252525252525252525252525253D%2525252525252525252525252525252525252525252525252525252FAccount%2525252525252525252525252525252525252525252525252525252FLogin%2525252525252525252525252525252525252525252525252525253FReturnUrl%2525252525252525252525252525252525252525252525252525253D%252525252525252525252525252525252525252525252525252525252FAccount%252525252525252525252525252525252525252525252525252525252FLogin%252525252525252525252525252525252525252525252525252525253FReturnUrl%252525252525252525252525252525252525252525252525252525253D%25252525252525252525252525252525252525252525252525252525252FAccount%25252525252525252525252525252525252525252525252525252525252FLogin%25252525252525252525252525252525252525252525252525252525253FReturnUrl%25252525252525252525252525252525252525252525252525252525253D%2525252525252525252525252525252525252525252525252525252525252FAccount%2525252525252525252525252525252525252525252525252525252525252FLogin%2525252525252525252525252525252525252525252525252525252525253FReturnUrl%2525252525252525252525252525252525252525252525252525252525253D%252525252525252525252525252525252525252525252525252525252525252FAccount%252525252525252525252525252525252525252525252525252525252525252FLogin%252525252525252525252525252525252525252525252525252525252525253FReturnUrl%252525252525252525252525252525252525252525252525252525252525253D%25252525252525252525252525252525252525252525252525252525252525252FAccount%25252525252525252525252525252525252525252525252525252525252525252FLogin%25252525252525252525252525252525252525252525252525252525252525253FReturnUrl%25252525252525252525252525252525252525252525252525252525252525253D%2525252525252525252525252525252525252525252525252525252525252525252FAccount%2525252525252525252525252525252525252525252525252525252525252525252FLogin%2525252525252525252525252525252525252525252525252525252525252525253FReturnUrl%2525252525252525252525252525252525252525252525252525252525252525253D%252525252525252525252525252525252525252525252525252525252525252525252FAccount%252525252525252525252525252525252525252525252525252525252525252525252FLogin%252525252525252525252525252525252525252525252525252525252525252525253FReturnUrl%252525252525252525252525252525252525252525252525252525252525252525253D%25252525252525252525252525252525252525252525252525252525252525252525252FAccount%25252525252525252525252525252525252525252525252525252525252525252525252FLogin%25252525252525252525252525252525252525252525252525252525252525252525253FReturnUrl%25252525252525252525252525252525252525252525252525252525252525252525253D%2525252525252525252525252525252525252525252525252525252525252525252525252FAccount%2525252525252525252525252525252525252525252525252525252525252525252525252FLogin%2525252525252525252525252525252525252525252525252525252525252525252525253FReturnUrl%2525252525252525252525252525252525252525252525252525252525252525252525253D%252525252525252525252525252525252525252525252525252525252525252525252525252FAccount%252525252525252525252525252525252525252525252525252525252525252525252525252FLogin%252525252525252525252525252525252525252525252525252525252525252525252525253FReturnUrl%252525252525252525252525252525252525252525252525252525252525252525252525253D%25252525252525252525252525252525252525252525252525252525252525252525252525252F - null null
2025-11-12 15:04:52.236 -03:00 [INF] Authorization failed. These requirements were not met:
DenyAnonymousAuthorizationRequirement: Requires an authenticated user.
2025-11-12 15:04:52.239 -03:00 [INF] AuthenticationScheme: Cookies was challenged.
2025-11-12 15:04:52.240 -03:00 [INF] Request finished HTTP/2 GET https://localhost:7173/Account/Login?ReturnUrl=%2FAccount%2FLogin%3FReturnUrl%3D%252FAccount%252FLogin%253FReturnUrl%253D%25252FAccount%25252FLogin%25253FReturnUrl%25253D%2525252FAccount%2525252FLogin%2525253FReturnUrl%2525253D%252525252FAccount%252525252FLogin%252525253FReturnUrl%252525253D%25252525252FAccount%25252525252FLogin%25252525253FReturnUrl%25252525253D%2525252525252FAccount%2525252525252FLogin%2525252525253FReturnUrl%2525252525253D%252525252525252FAccount%252525252525252FLogin%252525252525253FReturnUrl%252525252525253D%25252525252525252FAccount%25252525252525252FLogin%25252525252525253FReturnUrl%25252525252525253D%2525252525252525252FAccount%2525252525252525252FLogin%2525252525252525253FReturnUrl%2525252525252525253D%252525252525252525252FAccount%252525252525252525252FLogin%252525252525252525253FReturnUrl%252525252525252525253D%25252525252525252525252FAccount%25252525252525252525252FLogin%25252525252525252525253FReturnUrl%25252525252525252525253D%2525252525252525252525252FAccount%2525252525252525252525252FLogin%2525252525252525252525253FReturnUrl%2525252525252525252525253D%252525252525252525252525252FAccount%252525252525252525252525252FLogin%252525252525252525252525253FReturnUrl%252525252525252525252525253D%25252525252525252525252525252FAccount%25252525252525252525252525252FLogin%25252525252525252525252525253FReturnUrl%25252525252525252525252525253D%2525252525252525252525252525252FAccount%2525252525252525252525252525252FLogin%2525252525252525252525252525253FReturnUrl%2525252525252525252525252525253D%252525252525252525252525252525252FAccount%252525252525252525252525252525252FLogin%252525252525252525252525252525253FReturnUrl%252525252525252525252525252525253D%25252525252525252525252525252525252FAccount%25252525252525252525252525252525252FLogin%25252525252525252525252525252525253FReturnUrl%25252525252525252525252525252525253D%2525252525252525252525252525252525252FAccount%2525252525252525252525252525252525252FLogin%2525252525252525252525252525252525253FReturnUrl%2525252525252525252525252525252525253D%252525252525252525252525252525252525252FAccount%252525252525252525252525252525252525252FLogin%252525252525252525252525252525252525253FReturnUrl%252525252525252525252525252525252525253D%25252525252525252525252525252525252525252FAccount%25252525252525252525252525252525252525252FLogin%25252525252525252525252525252525252525253FReturnUrl%25252525252525252525252525252525252525253D%2525252525252525252525252525252525252525252FAccount%2525252525252525252525252525252525252525252FLogin%2525252525252525252525252525252525252525253FReturnUrl%2525252525252525252525252525252525252525253D%252525252525252525252525252525252525252525252FAccount%252525252525252525252525252525252525252525252FLogin%252525252525252525252525252525252525252525253FReturnUrl%252525252525252525252525252525252525252525253D%25252525252525252525252525252525252525252525252FAccount%25252525252525252525252525252525252525252525252FLogin%25252525252525252525252525252525252525252525253FReturnUrl%25252525252525252525252525252525252525252525253D%2525252525252525252525252525252525252525252525252FAccount%2525252525252525252525252525252525252525252525252FLogin%2525252525252525252525252525252525252525252525253FReturnUrl%2525252525252525252525252525252525252525252525253D%252525252525252525252525252525252525252525252525252FAccount%252525252525252525252525252525252525252525252525252FLogin%252525252525252525252525252525252525252525252525253FReturnUrl%252525252525252525252525252525252525252525252525253D%25252525252525252525252525252525252525252525252525252FAccount%25252525252525252525252525252525252525252525252525252FLogin%25252525252525252525252525252525252525252525252525253FReturnUrl%25252525252525252525252525252525252525252525252525253D%2525252525252525252525252525252525252525252525252525252FAccount%2525252525252525252525252525252525252525252525252525252FLogin%2525252525252525252525252525252525252525252525252525253FReturnUrl%2525252525252525252525252525252525252525252525252525253D%252525252525252525252525252525252525252525252525252525252FAccount%252525252525252525252525252525252525252525252525252525252FLogin%252525252525252525252525252525252525252525252525252525253FReturnUrl%252525252525252525252525252525252525252525252525252525253D%25252525252525252525252525252525252525252525252525252525252FAccount%25252525252525252525252525252525252525252525252525252525252FLogin%25252525252525252525252525252525252525252525252525252525253FReturnUrl%25252525252525252525252525252525252525252525252525252525253D%2525252525252525252525252525252525252525252525252525252525252FAccount%2525252525252525252525252525252525252525252525252525252525252FLogin%2525252525252525252525252525252525252525252525252525252525253FReturnUrl%2525252525252525252525252525252525252525252525252525252525253D%252525252525252525252525252525252525252525252525252525252525252FAccount%252525252525252525252525252525252525252525252525252525252525252FLogin%252525252525252525252525252525252525252525252525252525252525253FReturnUrl%252525252525252525252525252525252525252525252525252525252525253D%25252525252525252525252525252525252525252525252525252525252525252FAccount%25252525252525252525252525252525252525252525252525252525252525252FLogin%25252525252525252525252525252525252525252525252525252525252525253FReturnUrl%25252525252525252525252525252525252525252525252525252525252525253D%2525252525252525252525252525252525252525252525252525252525252525252FAccount%2525252525252525252525252525252525252525252525252525252525252525252FLogin%2525252525252525252525252525252525252525252525252525252525252525253FReturnUrl%2525252525252525252525252525252525252525252525252525252525252525253D%252525252525252525252525252525252525252525252525252525252525252525252FAccount%252525252525252525252525252525252525252525252525252525252525252525252FLogin%252525252525252525252525252525252525252525252525252525252525252525253FReturnUrl%252525252525252525252525252525252525252525252525252525252525252525253D%25252525252525252525252525252525252525252525252525252525252525252525252FAccount%25252525252525252525252525252525252525252525252525252525252525252525252FLogin%25252525252525252525252525252525252525252525252525252525252525252525253FReturnUrl%25252525252525252525252525252525252525252525252525252525252525252525253D%2525252525252525252525252525252525252525252525252525252525252525252525252FAccount%2525252525252525252525252525252525252525252525252525252525252525252525252FLogin%2525252525252525252525252525252525252525252525252525252525252525252525253FReturnUrl%2525252525252525252525252525252525252525252525252525252525252525252525253D%252525252525252525252525252525252525252525252525252525252525252525252525252FAccount%252525252525252525252525252525252525252525252525252525252525252525252525252FLogin%252525252525252525252525252525252525252525252525252525252525252525252525253FReturnUrl%252525252525252525252525252525252525252525252525252525252525252525252525253D%25252525252525252525252525252525252525252525252525252525252525252525252525252F - 302 0 null 11.0007ms
2025-11-12 15:04:52.245 -03:00 [INF] Request starting HTTP/2 GET https://localhost:7173/Account/Login?ReturnUrl=%2FAccount%2FLogin%3FReturnUrl%3D%252FAccount%252FLogin%253FReturnUrl%253D%25252FAccount%25252FLogin%25253FReturnUrl%25253D%2525252FAccount%2525252FLogin%2525253FReturnUrl%2525253D%252525252FAccount%252525252FLogin%252525253FReturnUrl%252525253D%25252525252FAccount%25252525252FLogin%25252525253FReturnUrl%25252525253D%2525252525252FAccount%2525252525252FLogin%2525252525253FReturnUrl%2525252525253D%252525252525252FAccount%252525252525252FLogin%252525252525253FReturnUrl%252525252525253D%25252525252525252FAccount%25252525252525252FLogin%25252525252525253FReturnUrl%25252525252525253D%2525252525252525252FAccount%2525252525252525252FLogin%2525252525252525253FReturnUrl%2525252525252525253D%252525252525252525252FAccount%252525252525252525252FLogin%252525252525252525253FReturnUrl%252525252525252525253D%25252525252525252525252FAccount%25252525252525252525252FLogin%25252525252525252525253FReturnUrl%25252525252525252525253D%2525252525252525252525252FAccount%2525252525252525252525252FLogin%2525252525252525252525253FReturnUrl%2525252525252525252525253D%252525252525252525252525252FAccount%252525252525252525252525252FLogin%252525252525252525252525253FReturnUrl%252525252525252525252525253D%25252525252525252525252525252FAccount%25252525252525252525252525252FLogin%25252525252525252525252525253FReturnUrl%25252525252525252525252525253D%2525252525252525252525252525252FAccount%2525252525252525252525252525252FLogin%2525252525252525252525252525253FReturnUrl%2525252525252525252525252525253D%252525252525252525252525252525252FAccount%252525252525252525252525252525252FLogin%252525252525252525252525252525253FReturnUrl%252525252525252525252525252525253D%25252525252525252525252525252525252FAccount%25252525252525252525252525252525252FLogin%25252525252525252525252525252525253FReturnUrl%25252525252525252525252525252525253D%2525252525252525252525252525252525252FAccount%2525252525252525252525252525252525252FLogin%2525252525252525252525252525252525253FReturnUrl%2525252525252525252525252525252525253D%252525252525252525252525252525252525252FAccount%252525252525252525252525252525252525252FLogin%252525252525252525252525252525252525253FReturnUrl%252525252525252525252525252525252525253D%25252525252525252525252525252525252525252FAccount%25252525252525252525252525252525252525252FLogin%25252525252525252525252525252525252525253FReturnUrl%25252525252525252525252525252525252525253D%2525252525252525252525252525252525252525252FAccount%2525252525252525252525252525252525252525252FLogin%2525252525252525252525252525252525252525253FReturnUrl%2525252525252525252525252525252525252525253D%252525252525252525252525252525252525252525252FAccount%252525252525252525252525252525252525252525252FLogin%252525252525252525252525252525252525252525253FReturnUrl%252525252525252525252525252525252525252525253D%25252525252525252525252525252525252525252525252FAccount%25252525252525252525252525252525252525252525252FLogin%25252525252525252525252525252525252525252525253FReturnUrl%25252525252525252525252525252525252525252525253D%2525252525252525252525252525252525252525252525252FAccount%2525252525252525252525252525252525252525252525252FLogin%2525252525252525252525252525252525252525252525253FReturnUrl%2525252525252525252525252525252525252525252525253D%252525252525252525252525252525252525252525252525252FAccount%252525252525252525252525252525252525252525252525252FLogin%252525252525252525252525252525252525252525252525253FReturnUrl%252525252525252525252525252525252525252525252525253D%25252525252525252525252525252525252525252525252525252FAccount%25252525252525252525252525252525252525252525252525252FLogin%25252525252525252525252525252525252525252525252525253FReturnUrl%25252525252525252525252525252525252525252525252525253D%2525252525252525252525252525252525252525252525252525252FAccount%2525252525252525252525252525252525252525252525252525252FLogin%2525252525252525252525252525252525252525252525252525253FReturnUrl%2525252525252525252525252525252525252525252525252525253D%252525252525252525252525252525252525252525252525252525252FAccount%252525252525252525252525252525252525252525252525252525252FLogin%252525252525252525252525252525252525252525252525252525253FReturnUrl%252525252525252525252525252525252525252525252525252525253D%25252525252525252525252525252525252525252525252525252525252FAccount%25252525252525252525252525252525252525252525252525252525252FLogin%25252525252525252525252525252525252525252525252525252525253FReturnUrl%25252525252525252525252525252525252525252525252525252525253D%2525252525252525252525252525252525252525252525252525252525252FAccount%2525252525252525252525252525252525252525252525252525252525252FLogin%2525252525252525252525252525252525252525252525252525252525253FReturnUrl%2525252525252525252525252525252525252525252525252525252525253D%252525252525252525252525252525252525252525252525252525252525252FAccount%252525252525252525252525252525252525252525252525252525252525252FLogin%252525252525252525252525252525252525252525252525252525252525253FReturnUrl%252525252525252525252525252525252525252525252525252525252525253D%25252525252525252525252525252525252525252525252525252525252525252FAccount%25252525252525252525252525252525252525252525252525252525252525252FLogin%25252525252525252525252525252525252525252525252525252525252525253FReturnUrl%25252525252525252525252525252525252525252525252525252525252525253D%2525252525252525252525252525252525252525252525252525252525252525252FAccount%2525252525252525252525252525252525252525252525252525252525252525252FLogin%2525252525252525252525252525252525252525252525252525252525252525253FReturnUrl%2525252525252525252525252525252525252525252525252525252525252525253D%252525252525252525252525252525252525252525252525252525252525252525252FAccount%252525252525252525252525252525252525252525252525252525252525252525252FLogin%252525252525252525252525252525252525252525252525252525252525252525253FReturnUrl%252525252525252525252525252525252525252525252525252525252525252525253D%25252525252525252525252525252525252525252525252525252525252525252525252FAccount%25252525252525252525252525252525252525252525252525252525252525252525252FLogin%25252525252525252525252525252525252525252525252525252525252525252525253FReturnUrl%25252525252525252525252525252525252525252525252525252525252525252525253D%2525252525252525252525252525252525252525252525252525252525252525252525252FAccount%2525252525252525252525252525252525252525252525252525252525252525252525252FLogin%2525252525252525252525252525252525252525252525252525252525252525252525253FReturnUrl%2525252525252525252525252525252525252525252525252525252525252525252525253D%252525252525252525252525252525252525252525252525252525252525252525252525252FAccount%252525252525252525252525252525252525252525252525252525252525252525252525252FLogin%252525252525252525252525252525252525252525252525252525252525252525252525253FReturnUrl%252525252525252525252525252525252525252525252525252525252525252525252525253D%25252525252525252525252525252525252525252525252525252525252525252525252525252FAccount%25252525252525252525252525252525252525252525252525252525252525252525252525252FLogin%25252525252525252525252525252525252525252525252525252525252525252525252525253FReturnUrl%25252525252525252525252525252525252525252525252525252525252525252525252525253D%2525252525252525252525252525252525252525252525252525252525252525252525252525252F - null null
2025-11-12 15:04:52.252 -03:00 [INF] Authorization failed. These requirements were not met:
DenyAnonymousAuthorizationRequirement: Requires an authenticated user.
2025-11-12 15:04:52.253 -03:00 [INF] AuthenticationScheme: Cookies was challenged.
2025-11-12 15:04:52.254 -03:00 [INF] Request finished HTTP/2 GET https://localhost:7173/Account/Login?ReturnUrl=%2FAccount%2FLogin%3FReturnUrl%3D%252FAccount%252FLogin%253FReturnUrl%253D%25252FAccount%25252FLogin%25253FReturnUrl%25253D%2525252FAccount%2525252FLogin%2525253FReturnUrl%2525253D%252525252FAccount%252525252FLogin%252525253FReturnUrl%252525253D%25252525252FAccount%25252525252FLogin%25252525253FReturnUrl%25252525253D%2525252525252FAccount%2525252525252FLogin%2525252525253FReturnUrl%2525252525253D%252525252525252FAccount%252525252525252FLogin%252525252525253FReturnUrl%252525252525253D%25252525252525252FAccount%25252525252525252FLogin%25252525252525253FReturnUrl%25252525252525253D%2525252525252525252FAccount%2525252525252525252FLogin%2525252525252525253FReturnUrl%2525252525252525253D%252525252525252525252FAccount%252525252525252525252FLogin%252525252525252525253FReturnUrl%252525252525252525253D%25252525252525252525252FAccount%25252525252525252525252FLogin%25252525252525252525253FReturnUrl%25252525252525252525253D%2525252525252525252525252FAccount%2525252525252525252525252FLogin%2525252525252525252525253FReturnUrl%2525252525252525252525253D%252525252525252525252525252FAccount%252525252525252525252525252FLogin%252525252525252525252525253FReturnUrl%252525252525252525252525253D%25252525252525252525252525252FAccount%25252525252525252525252525252FLogin%25252525252525252525252525253FReturnUrl%25252525252525252525252525253D%2525252525252525252525252525252FAccount%2525252525252525252525252525252FLogin%2525252525252525252525252525253FReturnUrl%2525252525252525252525252525253D%252525252525252525252525252525252FAccount%252525252525252525252525252525252FLogin%252525252525252525252525252525253FReturnUrl%252525252525252525252525252525253D%25252525252525252525252525252525252FAccount%25252525252525252525252525252525252FLogin%25252525252525252525252525252525253FReturnUrl%25252525252525252525252525252525253D%2525252525252525252525252525252525252FAccount%2525252525252525252525252525252525252FLogin%2525252525252525252525252525252525253FReturnUrl%2525252525252525252525252525252525253D%252525252525252525252525252525252525252FAccount%252525252525252525252525252525252525252FLogin%252525252525252525252525252525252525253FReturnUrl%252525252525252525252525252525252525253D%25252525252525252525252525252525252525252FAccount%25252525252525252525252525252525252525252FLogin%25252525252525252525252525252525252525253FReturnUrl%25252525252525252525252525252525252525253D%2525252525252525252525252525252525252525252FAccount%2525252525252525252525252525252525252525252FLogin%2525252525252525252525252525252525252525253FReturnUrl%2525252525252525252525252525252525252525253D%252525252525252525252525252525252525252525252FAccount%252525252525252525252525252525252525252525252FLogin%252525252525252525252525252525252525252525253FReturnUrl%252525252525252525252525252525252525252525253D%25252525252525252525252525252525252525252525252FAccount%25252525252525252525252525252525252525252525252FLogin%25252525252525252525252525252525252525252525253FReturnUrl%25252525252525252525252525252525252525252525253D%2525252525252525252525252525252525252525252525252FAccount%2525252525252525252525252525252525252525252525252FLogin%2525252525252525252525252525252525252525252525253FReturnUrl%2525252525252525252525252525252525252525252525253D%252525252525252525252525252525252525252525252525252FAccount%252525252525252525252525252525252525252525252525252FLogin%252525252525252525252525252525252525252525252525253FReturnUrl%252525252525252525252525252525252525252525252525253D%25252525252525252525252525252525252525252525252525252FAccount%25252525252525252525252525252525252525252525252525252FLogin%25252525252525252525252525252525252525252525252525253FReturnUrl%25252525252525252525252525252525252525252525252525253D%2525252525252525252525252525252525252525252525252525252FAccount%2525252525252525252525252525252525252525252525252525252FLogin%2525252525252525252525252525252525252525252525252525253FReturnUrl%2525252525252525252525252525252525252525252525252525253D%252525252525252525252525252525252525252525252525252525252FAccount%252525252525252525252525252525252525252525252525252525252FLogin%252525252525252525252525252525252525252525252525252525253FReturnUrl%252525252525252525252525252525252525252525252525252525253D%25252525252525252525252525252525252525252525252525252525252FAccount%25252525252525252525252525252525252525252525252525252525252FLogin%25252525252525252525252525252525252525252525252525252525253FReturnUrl%25252525252525252525252525252525252525252525252525252525253D%2525252525252525252525252525252525252525252525252525252525252FAccount%2525252525252525252525252525252525252525252525252525252525252FLogin%2525252525252525252525252525252525252525252525252525252525253FReturnUrl%2525252525252525252525252525252525252525252525252525252525253D%252525252525252525252525252525252525252525252525252525252525252FAccount%252525252525252525252525252525252525252525252525252525252525252FLogin%252525252525252525252525252525252525252525252525252525252525253FReturnUrl%252525252525252525252525252525252525252525252525252525252525253D%25252525252525252525252525252525252525252525252525252525252525252FAccount%25252525252525252525252525252525252525252525252525252525252525252FLogin%25252525252525252525252525252525252525252525252525252525252525253FReturnUrl%25252525252525252525252525252525252525252525252525252525252525253D%2525252525252525252525252525252525252525252525252525252525252525252FAccount%2525252525252525252525252525252525252525252525252525252525252525252FLogin%2525252525252525252525252525252525252525252525252525252525252525253FReturnUrl%2525252525252525252525252525252525252525252525252525252525252525253D%252525252525252525252525252525252525252525252525252525252525252525252FAccount%252525252525252525252525252525252525252525252525252525252525252525252FLogin%252525252525252525252525252525252525252525252525252525252525252525253FReturnUrl%252525252525252525252525252525252525252525252525252525252525252525253D%25252525252525252525252525252525252525252525252525252525252525252525252FAccount%25252525252525252525252525252525252525252525252525252525252525252525252FLogin%25252525252525252525252525252525252525252525252525252525252525252525253FReturnUrl%25252525252525252525252525252525252525252525252525252525252525252525253D%2525252525252525252525252525252525252525252525252525252525252525252525252FAccount%2525252525252525252525252525252525252525252525252525252525252525252525252FLogin%2525252525252525252525252525252525252525252525252525252525252525252525253FReturnUrl%2525252525252525252525252525252525252525252525252525252525252525252525253D%252525252525252525252525252525252525252525252525252525252525252525252525252FAccount%252525252525252525252525252525252525252525252525252525252525252525252525252FLogin%252525252525252525252525252525252525252525252525252525252525252525252525253FReturnUrl%252525252525252525252525252525252525252525252525252525252525252525252525253D%25252525252525252525252525252525252525252525252525252525252525252525252525252FAccount%25252525252525252525252525252525252525252525252525252525252525252525252525252FLogin%25252525252525252525252525252525252525252525252525252525252525252525252525253FReturnUrl%25252525252525252525252525252525252525252525252525252525252525252525252525253D%2525252525252525252525252525252525252525252525252525252525252525252525252525252F - 302 0 null 9.2502ms
2025-11-12 15:04:52.259 -03:00 [INF] Request starting HTTP/2 GET https://localhost:7173/Account/Login?ReturnUrl=%2FAccount%2FLogin%3FReturnUrl%3D%252FAccount%252FLogin%253FReturnUrl%253D%25252FAccount%25252FLogin%25253FReturnUrl%25253D%2525252FAccount%2525252FLogin%2525253FReturnUrl%2525253D%252525252FAccount%252525252FLogin%252525253FReturnUrl%252525253D%25252525252FAccount%25252525252FLogin%25252525253FReturnUrl%25252525253D%2525252525252FAccount%2525252525252FLogin%2525252525253FReturnUrl%2525252525253D%252525252525252FAccount%252525252525252FLogin%252525252525253FReturnUrl%252525252525253D%25252525252525252FAccount%25252525252525252FLogin%25252525252525253FReturnUrl%25252525252525253D%2525252525252525252FAccount%2525252525252525252FLogin%2525252525252525253FReturnUrl%2525252525252525253D%252525252525252525252FAccount%252525252525252525252FLogin%252525252525252525253FReturnUrl%252525252525252525253D%25252525252525252525252FAccount%25252525252525252525252FLogin%25252525252525252525253FReturnUrl%25252525252525252525253D%2525252525252525252525252FAccount%2525252525252525252525252FLogin%2525252525252525252525253FReturnUrl%2525252525252525252525253D%252525252525252525252525252FAccount%252525252525252525252525252FLogin%252525252525252525252525253FReturnUrl%252525252525252525252525253D%25252525252525252525252525252FAccount%25252525252525252525252525252FLogin%25252525252525252525252525253FReturnUrl%25252525252525252525252525253D%2525252525252525252525252525252FAccount%2525252525252525252525252525252FLogin%2525252525252525252525252525253FReturnUrl%2525252525252525252525252525253D%252525252525252525252525252525252FAccount%252525252525252525252525252525252FLogin%252525252525252525252525252525253FReturnUrl%252525252525252525252525252525253D%25252525252525252525252525252525252FAccount%25252525252525252525252525252525252FLogin%25252525252525252525252525252525253FReturnUrl%25252525252525252525252525252525253D%2525252525252525252525252525252525252FAccount%2525252525252525252525252525252525252FLogin%2525252525252525252525252525252525253FReturnUrl%2525252525252525252525252525252525253D%252525252525252525252525252525252525252FAccount%252525252525252525252525252525252525252FLogin%252525252525252525252525252525252525253FReturnUrl%252525252525252525252525252525252525253D%25252525252525252525252525252525252525252FAccount%25252525252525252525252525252525252525252FLogin%25252525252525252525252525252525252525253FReturnUrl%25252525252525252525252525252525252525253D%2525252525252525252525252525252525252525252FAccount%2525252525252525252525252525252525252525252FLogin%2525252525252525252525252525252525252525253FReturnUrl%2525252525252525252525252525252525252525253D%252525252525252525252525252525252525252525252FAccount%252525252525252525252525252525252525252525252FLogin%252525252525252525252525252525252525252525253FReturnUrl%252525252525252525252525252525252525252525253D%25252525252525252525252525252525252525252525252FAccount%25252525252525252525252525252525252525252525252FLogin%25252525252525252525252525252525252525252525253FReturnUrl%25252525252525252525252525252525252525252525253D%2525252525252525252525252525252525252525252525252FAccount%2525252525252525252525252525252525252525252525252FLogin%2525252525252525252525252525252525252525252525253FReturnUrl%2525252525252525252525252525252525252525252525253D%252525252525252525252525252525252525252525252525252FAccount%252525252525252525252525252525252525252525252525252FLogin%252525252525252525252525252525252525252525252525253FReturnUrl%252525252525252525252525252525252525252525252525253D%25252525252525252525252525252525252525252525252525252FAccount%25252525252525252525252525252525252525252525252525252FLogin%25252525252525252525252525252525252525252525252525253FReturnUrl%25252525252525252525252525252525252525252525252525253D%2525252525252525252525252525252525252525252525252525252FAccount%2525252525252525252525252525252525252525252525252525252FLogin%2525252525252525252525252525252525252525252525252525253FReturnUrl%2525252525252525252525252525252525252525252525252525253D%252525252525252525252525252525252525252525252525252525252FAccount%252525252525252525252525252525252525252525252525252525252FLogin%252525252525252525252525252525252525252525252525252525253FReturnUrl%252525252525252525252525252525252525252525252525252525253D%25252525252525252525252525252525252525252525252525252525252FAccount%25252525252525252525252525252525252525252525252525252525252FLogin%25252525252525252525252525252525252525252525252525252525253FReturnUrl%25252525252525252525252525252525252525252525252525252525253D%2525252525252525252525252525252525252525252525252525252525252FAccount%2525252525252525252525252525252525252525252525252525252525252FLogin%2525252525252525252525252525252525252525252525252525252525253FReturnUrl%2525252525252525252525252525252525252525252525252525252525253D%252525252525252525252525252525252525252525252525252525252525252FAccount%252525252525252525252525252525252525252525252525252525252525252FLogin%252525252525252525252525252525252525252525252525252525252525253FReturnUrl%252525252525252525252525252525252525252525252525252525252525253D%25252525252525252525252525252525252525252525252525252525252525252FAccount%25252525252525252525252525252525252525252525252525252525252525252FLogin%25252525252525252525252525252525252525252525252525252525252525253FReturnUrl%25252525252525252525252525252525252525252525252525252525252525253D%2525252525252525252525252525252525252525252525252525252525252525252FAccount%2525252525252525252525252525252525252525252525252525252525252525252FLogin%2525252525252525252525252525252525252525252525252525252525252525253FReturnUrl%2525252525252525252525252525252525252525252525252525252525252525253D%252525252525252525252525252525252525252525252525252525252525252525252FAccount%252525252525252525252525252525252525252525252525252525252525252525252FLogin%252525252525252525252525252525252525252525252525252525252525252525253FReturnUrl%252525252525252525252525252525252525252525252525252525252525252525253D%25252525252525252525252525252525252525252525252525252525252525252525252FAccount%25252525252525252525252525252525252525252525252525252525252525252525252FLogin%25252525252525252525252525252525252525252525252525252525252525252525253FReturnUrl%25252525252525252525252525252525252525252525252525252525252525252525253D%2525252525252525252525252525252525252525252525252525252525252525252525252FAccount%2525252525252525252525252525252525252525252525252525252525252525252525252FLogin%2525252525252525252525252525252525252525252525252525252525252525252525253FReturnUrl%2525252525252525252525252525252525252525252525252525252525252525252525253D%252525252525252525252525252525252525252525252525252525252525252525252525252FAccount%252525252525252525252525252525252525252525252525252525252525252525252525252FLogin%252525252525252525252525252525252525252525252525252525252525252525252525253FReturnUrl%252525252525252525252525252525252525252525252525252525252525252525252525253D%25252525252525252525252525252525252525252525252525252525252525252525252525252FAccount%25252525252525252525252525252525252525252525252525252525252525252525252525252FLogin%25252525252525252525252525252525252525252525252525252525252525252525252525253FReturnUrl%25252525252525252525252525252525252525252525252525252525252525252525252525253D%2525252525252525252525252525252525252525252525252525252525252525252525252525252FAccount%2525252525252525252525252525252525252525252525252525252525252525252525252525252FLogin%2525252525252525252525252525252525252525252525252525252525252525252525252525253FReturnUrl%2525252525252525252525252525252525252525252525252525252525252525252525252525253D%252525252525252525252525252525252525252525252525252525252525252525252525252525252F - null null
2025-11-12 15:04:52.265 -03:00 [INF] Authorization failed. These requirements were not met:
DenyAnonymousAuthorizationRequirement: Requires an authenticated user.
2025-11-12 15:04:52.267 -03:00 [INF] AuthenticationScheme: Cookies was challenged.
2025-11-12 15:04:52.268 -03:00 [INF] Request finished HTTP/2 GET https://localhost:7173/Account/Login?ReturnUrl=%2FAccount%2FLogin%3FReturnUrl%3D%252FAccount%252FLogin%253FReturnUrl%253D%25252FAccount%25252FLogin%25253FReturnUrl%25253D%2525252FAccount%2525252FLogin%2525253FReturnUrl%2525253D%252525252FAccount%252525252FLogin%252525253FReturnUrl%252525253D%25252525252FAccount%25252525252FLogin%25252525253FReturnUrl%25252525253D%2525252525252FAccount%2525252525252FLogin%2525252525253FReturnUrl%2525252525253D%252525252525252FAccount%252525252525252FLogin%252525252525253FReturnUrl%252525252525253D%25252525252525252FAccount%25252525252525252FLogin%25252525252525253FReturnUrl%25252525252525253D%2525252525252525252FAccount%2525252525252525252FLogin%2525252525252525253FReturnUrl%2525252525252525253D%252525252525252525252FAccount%252525252525252525252FLogin%252525252525252525253FReturnUrl%252525252525252525253D%25252525252525252525252FAccount%25252525252525252525252FLogin%25252525252525252525253FReturnUrl%25252525252525252525253D%2525252525252525252525252FAccount%2525252525252525252525252FLogin%2525252525252525252525253FReturnUrl%2525252525252525252525253D%252525252525252525252525252FAccount%252525252525252525252525252FLogin%252525252525252525252525253FReturnUrl%252525252525252525252525253D%25252525252525252525252525252FAccount%25252525252525252525252525252FLogin%25252525252525252525252525253FReturnUrl%25252525252525252525252525253D%2525252525252525252525252525252FAccount%2525252525252525252525252525252FLogin%2525252525252525252525252525253FReturnUrl%2525252525252525252525252525253D%252525252525252525252525252525252FAccount%252525252525252525252525252525252FLogin%252525252525252525252525252525253FReturnUrl%252525252525252525252525252525253D%25252525252525252525252525252525252FAccount%25252525252525252525252525252525252FLogin%25252525252525252525252525252525253FReturnUrl%25252525252525252525252525252525253D%2525252525252525252525252525252525252FAccount%2525252525252525252525252525252525252FLogin%2525252525252525252525252525252525253FReturnUrl%2525252525252525252525252525252525253D%252525252525252525252525252525252525252FAccount%252525252525252525252525252525252525252FLogin%252525252525252525252525252525252525253FReturnUrl%252525252525252525252525252525252525253D%25252525252525252525252525252525252525252FAccount%25252525252525252525252525252525252525252FLogin%25252525252525252525252525252525252525253FReturnUrl%25252525252525252525252525252525252525253D%2525252525252525252525252525252525252525252FAccount%2525252525252525252525252525252525252525252FLogin%2525252525252525252525252525252525252525253FReturnUrl%2525252525252525252525252525252525252525253D%252525252525252525252525252525252525252525252FAccount%252525252525252525252525252525252525252525252FLogin%252525252525252525252525252525252525252525253FReturnUrl%252525252525252525252525252525252525252525253D%25252525252525252525252525252525252525252525252FAccount%25252525252525252525252525252525252525252525252FLogin%25252525252525252525252525252525252525252525253FReturnUrl%25252525252525252525252525252525252525252525253D%2525252525252525252525252525252525252525252525252FAccount%2525252525252525252525252525252525252525252525252FLogin%2525252525252525252525252525252525252525252525253FReturnUrl%2525252525252525252525252525252525252525252525253D%252525252525252525252525252525252525252525252525252FAccount%252525252525252525252525252525252525252525252525252FLogin%252525252525252525252525252525252525252525252525253FReturnUrl%252525252525252525252525252525252525252525252525253D%25252525252525252525252525252525252525252525252525252FAccount%25252525252525252525252525252525252525252525252525252FLogin%25252525252525252525252525252525252525252525252525253FReturnUrl%25252525252525252525252525252525252525252525252525253D%2525252525252525252525252525252525252525252525252525252FAccount%2525252525252525252525252525252525252525252525252525252FLogin%2525252525252525252525252525252525252525252525252525253FReturnUrl%2525252525252525252525252525252525252525252525252525253D%252525252525252525252525252525252525252525252525252525252FAccount%252525252525252525252525252525252525252525252525252525252FLogin%252525252525252525252525252525252525252525252525252525253FReturnUrl%252525252525252525252525252525252525252525252525252525253D%25252525252525252525252525252525252525252525252525252525252FAccount%25252525252525252525252525252525252525252525252525252525252FLogin%25252525252525252525252525252525252525252525252525252525253FReturnUrl%25252525252525252525252525252525252525252525252525252525253D%2525252525252525252525252525252525252525252525252525252525252FAccount%2525252525252525252525252525252525252525252525252525252525252FLogin%2525252525252525252525252525252525252525252525252525252525253FReturnUrl%2525252525252525252525252525252525252525252525252525252525253D%252525252525252525252525252525252525252525252525252525252525252FAccount%252525252525252525252525252525252525252525252525252525252525252FLogin%252525252525252525252525252525252525252525252525252525252525253FReturnUrl%252525252525252525252525252525252525252525252525252525252525253D%25252525252525252525252525252525252525252525252525252525252525252FAccount%25252525252525252525252525252525252525252525252525252525252525252FLogin%25252525252525252525252525252525252525252525252525252525252525253FReturnUrl%25252525252525252525252525252525252525252525252525252525252525253D%2525252525252525252525252525252525252525252525252525252525252525252FAccount%2525252525252525252525252525252525252525252525252525252525252525252FLogin%2525252525252525252525252525252525252525252525252525252525252525253FReturnUrl%2525252525252525252525252525252525252525252525252525252525252525253D%252525252525252525252525252525252525252525252525252525252525252525252FAccount%252525252525252525252525252525252525252525252525252525252525252525252FLogin%252525252525252525252525252525252525252525252525252525252525252525253FReturnUrl%252525252525252525252525252525252525252525252525252525252525252525253D%25252525252525252525252525252525252525252525252525252525252525252525252FAccount%25252525252525252525252525252525252525252525252525252525252525252525252FLogin%25252525252525252525252525252525252525252525252525252525252525252525253FReturnUrl%25252525252525252525252525252525252525252525252525252525252525252525253D%2525252525252525252525252525252525252525252525252525252525252525252525252FAccount%2525252525252525252525252525252525252525252525252525252525252525252525252FLogin%2525252525252525252525252525252525252525252525252525252525252525252525253FReturnUrl%2525252525252525252525252525252525252525252525252525252525252525252525253D%252525252525252525252525252525252525252525252525252525252525252525252525252FAccount%252525252525252525252525252525252525252525252525252525252525252525252525252FLogin%252525252525252525252525252525252525252525252525252525252525252525252525253FReturnUrl%252525252525252525252525252525252525252525252525252525252525252525252525253D%25252525252525252525252525252525252525252525252525252525252525252525252525252FAccount%25252525252525252525252525252525252525252525252525252525252525252525252525252FLogin%25252525252525252525252525252525252525252525252525252525252525252525252525253FReturnUrl%25252525252525252525252525252525252525252525252525252525252525252525252525253D%2525252525252525252525252525252525252525252525252525252525252525252525252525252FAccount%2525252525252525252525252525252525252525252525252525252525252525252525252525252FLogin%2525252525252525252525252525252525252525252525252525252525252525252525252525253FReturnUrl%2525252525252525252525252525252525252525252525252525252525252525252525252525253D%252525252525252525252525252525252525252525252525252525252525252525252525252525252F - 302 0 null 8.8047ms
2025-11-12 15:04:52.279 -03:00 [INF] Request starting HTTP/2 GET https://localhost:7173/Account/Login?ReturnUrl=%2FAccount%2FLogin%3FReturnUrl%3D%252FAccount%252FLogin%253FReturnUrl%253D%25252FAccount%25252FLogin%25253FReturnUrl%25253D%2525252FAccount%2525252FLogin%2525253FReturnUrl%2525253D%252525252FAccount%252525252FLogin%252525253FReturnUrl%252525253D%25252525252FAccount%25252525252FLogin%25252525253FReturnUrl%25252525253D%2525252525252FAccount%2525252525252FLogin%2525252525253FReturnUrl%2525252525253D%252525252525252FAccount%252525252525252FLogin%252525252525253FReturnUrl%252525252525253D%25252525252525252FAccount%25252525252525252FLogin%25252525252525253FReturnUrl%25252525252525253D%2525252525252525252FAccount%2525252525252525252FLogin%2525252525252525253FReturnUrl%2525252525252525253D%252525252525252525252FAccount%252525252525252525252FLogin%252525252525252525253FReturnUrl%252525252525252525253D%25252525252525252525252FAccount%25252525252525252525252FLogin%25252525252525252525253FReturnUrl%25252525252525252525253D%2525252525252525252525252FAccount%2525252525252525252525252FLogin%2525252525252525252525253FReturnUrl%2525252525252525252525253D%252525252525252525252525252FAccount%252525252525252525252525252FLogin%252525252525252525252525253FReturnUrl%252525252525252525252525253D%25252525252525252525252525252FAccount%25252525252525252525252525252FLogin%25252525252525252525252525253FReturnUrl%25252525252525252525252525253D%2525252525252525252525252525252FAccount%2525252525252525252525252525252FLogin%2525252525252525252525252525253FReturnUrl%2525252525252525252525252525253D%252525252525252525252525252525252FAccount%252525252525252525252525252525252FLogin%252525252525252525252525252525253FReturnUrl%252525252525252525252525252525253D%25252525252525252525252525252525252FAccount%25252525252525252525252525252525252FLogin%25252525252525252525252525252525253FReturnUrl%25252525252525252525252525252525253D%2525252525252525252525252525252525252FAccount%2525252525252525252525252525252525252FLogin%2525252525252525252525252525252525253FReturnUrl%2525252525252525252525252525252525253D%252525252525252525252525252525252525252FAccount%252525252525252525252525252525252525252FLogin%252525252525252525252525252525252525253FReturnUrl%252525252525252525252525252525252525253D%25252525252525252525252525252525252525252FAccount%25252525252525252525252525252525252525252FLogin%25252525252525252525252525252525252525253FReturnUrl%25252525252525252525252525252525252525253D%2525252525252525252525252525252525252525252FAccount%2525252525252525252525252525252525252525252FLogin%2525252525252525252525252525252525252525253FReturnUrl%2525252525252525252525252525252525252525253D%252525252525252525252525252525252525252525252FAccount%252525252525252525252525252525252525252525252FLogin%252525252525252525252525252525252525252525253FReturnUrl%252525252525252525252525252525252525252525253D%25252525252525252525252525252525252525252525252FAccount%25252525252525252525252525252525252525252525252FLogin%25252525252525252525252525252525252525252525253FReturnUrl%25252525252525252525252525252525252525252525253D%2525252525252525252525252525252525252525252525252FAccount%2525252525252525252525252525252525252525252525252FLogin%2525252525252525252525252525252525252525252525253FReturnUrl%2525252525252525252525252525252525252525252525253D%252525252525252525252525252525252525252525252525252FAccount%252525252525252525252525252525252525252525252525252FLogin%252525252525252525252525252525252525252525252525253FReturnUrl%252525252525252525252525252525252525252525252525253D%25252525252525252525252525252525252525252525252525252FAccount%25252525252525252525252525252525252525252525252525252FLogin%25252525252525252525252525252525252525252525252525253FReturnUrl%25252525252525252525252525252525252525252525252525253D%2525252525252525252525252525252525252525252525252525252FAccount%2525252525252525252525252525252525252525252525252525252FLogin%2525252525252525252525252525252525252525252525252525253FReturnUrl%2525252525252525252525252525252525252525252525252525253D%252525252525252525252525252525252525252525252525252525252FAccount%252525252525252525252525252525252525252525252525252525252FLogin%252525252525252525252525252525252525252525252525252525253FReturnUrl%252525252525252525252525252525252525252525252525252525253D%25252525252525252525252525252525252525252525252525252525252FAccount%25252525252525252525252525252525252525252525252525252525252FLogin%25252525252525252525252525252525252525252525252525252525253FReturnUrl%25252525252525252525252525252525252525252525252525252525253D%2525252525252525252525252525252525252525252525252525252525252FAccount%2525252525252525252525252525252525252525252525252525252525252FLogin%2525252525252525252525252525252525252525252525252525252525253FReturnUrl%2525252525252525252525252525252525252525252525252525252525253D%252525252525252525252525252525252525252525252525252525252525252FAccount%252525252525252525252525252525252525252525252525252525252525252FLogin%252525252525252525252525252525252525252525252525252525252525253FReturnUrl%252525252525252525252525252525252525252525252525252525252525253D%25252525252525252525252525252525252525252525252525252525252525252FAccount%25252525252525252525252525252525252525252525252525252525252525252FLogin%25252525252525252525252525252525252525252525252525252525252525253FReturnUrl%25252525252525252525252525252525252525252525252525252525252525253D%2525252525252525252525252525252525252525252525252525252525252525252FAccount%2525252525252525252525252525252525252525252525252525252525252525252FLogin%2525252525252525252525252525252525252525252525252525252525252525253FReturnUrl%2525252525252525252525252525252525252525252525252525252525252525253D%252525252525252525252525252525252525252525252525252525252525252525252FAccount%252525252525252525252525252525252525252525252525252525252525252525252FLogin%252525252525252525252525252525252525252525252525252525252525252525253FReturnUrl%252525252525252525252525252525252525252525252525252525252525252525253D%25252525252525252525252525252525252525252525252525252525252525252525252FAccount%25252525252525252525252525252525252525252525252525252525252525252525252FLogin%25252525252525252525252525252525252525252525252525252525252525252525253FReturnUrl%25252525252525252525252525252525252525252525252525252525252525252525253D%2525252525252525252525252525252525252525252525252525252525252525252525252FAccount%2525252525252525252525252525252525252525252525252525252525252525252525252FLogin%2525252525252525252525252525252525252525252525252525252525252525252525253FReturnUrl%2525252525252525252525252525252525252525252525252525252525252525252525253D%252525252525252525252525252525252525252525252525252525252525252525252525252FAccount%252525252525252525252525252525252525252525252525252525252525252525252525252FLogin%252525252525252525252525252525252525252525252525252525252525252525252525253FReturnUrl%252525252525252525252525252525252525252525252525252525252525252525252525253D%25252525252525252525252525252525252525252525252525252525252525252525252525252FAccount%25252525252525252525252525252525252525252525252525252525252525252525252525252FLogin%25252525252525252525252525252525252525252525252525252525252525252525252525253FReturnUrl%25252525252525252525252525252525252525252525252525252525252525252525252525253D%2525252525252525252525252525252525252525252525252525252525252525252525252525252FAccount%2525252525252525252525252525252525252525252525252525252525252525252525252525252FLogin%2525252525252525252525252525252525252525252525252525252525252525252525252525253FReturnUrl%2525252525252525252525252525252525252525252525252525252525252525252525252525253D%252525252525252525252525252525252525252525252525252525252525252525252525252525252FAccount%252525252525252525252525252525252525252525252525252525252525252525252525252525252FLogin%252525252525252525252525252525252525252525252525252525252525252525252525252525253FReturnUrl%252525252525252525252525252525252525252525252525252525252525252525252525252525253D%25252525252525252525252525252525252525252525252525252525252525252525252525252525252F - null null
2025-11-12 15:04:52.286 -03:00 [INF] Authorization failed. These requirements were not met:
DenyAnonymousAuthorizationRequirement: Requires an authenticated user.
2025-11-12 15:04:52.287 -03:00 [INF] AuthenticationScheme: Cookies was challenged.
2025-11-12 15:04:52.288 -03:00 [INF] Request finished HTTP/2 GET https://localhost:7173/Account/Login?ReturnUrl=%2FAccount%2FLogin%3FReturnUrl%3D%252FAccount%252FLogin%253FReturnUrl%253D%25252FAccount%25252FLogin%25253FReturnUrl%25253D%2525252FAccount%2525252FLogin%2525253FReturnUrl%2525253D%252525252FAccount%252525252FLogin%252525253FReturnUrl%252525253D%25252525252FAccount%25252525252FLogin%25252525253FReturnUrl%25252525253D%2525252525252FAccount%2525252525252FLogin%2525252525253FReturnUrl%2525252525253D%252525252525252FAccount%252525252525252FLogin%252525252525253FReturnUrl%252525252525253D%25252525252525252FAccount%25252525252525252FLogin%25252525252525253FReturnUrl%25252525252525253D%2525252525252525252FAccount%2525252525252525252FLogin%2525252525252525253FReturnUrl%2525252525252525253D%252525252525252525252FAccount%252525252525252525252FLogin%252525252525252525253FReturnUrl%252525252525252525253D%25252525252525252525252FAccount%25252525252525252525252FLogin%25252525252525252525253FReturnUrl%25252525252525252525253D%2525252525252525252525252FAccount%2525252525252525252525252FLogin%2525252525252525252525253FReturnUrl%2525252525252525252525253D%252525252525252525252525252FAccount%252525252525252525252525252FLogin%252525252525252525252525253FReturnUrl%252525252525252525252525253D%25252525252525252525252525252FAccount%25252525252525252525252525252FLogin%25252525252525252525252525253FReturnUrl%25252525252525252525252525253D%2525252525252525252525252525252FAccount%2525252525252525252525252525252FLogin%2525252525252525252525252525253FReturnUrl%2525252525252525252525252525253D%252525252525252525252525252525252FAccount%252525252525252525252525252525252FLogin%252525252525252525252525252525253FReturnUrl%252525252525252525252525252525253D%25252525252525252525252525252525252FAccount%25252525252525252525252525252525252FLogin%25252525252525252525252525252525253FReturnUrl%25252525252525252525252525252525253D%2525252525252525252525252525252525252FAccount%2525252525252525252525252525252525252FLogin%2525252525252525252525252525252525253FReturnUrl%2525252525252525252525252525252525253D%252525252525252525252525252525252525252FAccount%252525252525252525252525252525252525252FLogin%252525252525252525252525252525252525253FReturnUrl%252525252525252525252525252525252525253D%25252525252525252525252525252525252525252FAccount%25252525252525252525252525252525252525252FLogin%25252525252525252525252525252525252525253FReturnUrl%25252525252525252525252525252525252525253D%2525252525252525252525252525252525252525252FAccount%2525252525252525252525252525252525252525252FLogin%2525252525252525252525252525252525252525253FReturnUrl%2525252525252525252525252525252525252525253D%252525252525252525252525252525252525252525252FAccount%252525252525252525252525252525252525252525252FLogin%252525252525252525252525252525252525252525253FReturnUrl%252525252525252525252525252525252525252525253D%25252525252525252525252525252525252525252525252FAccount%25252525252525252525252525252525252525252525252FLogin%25252525252525252525252525252525252525252525253FReturnUrl%25252525252525252525252525252525252525252525253D%2525252525252525252525252525252525252525252525252FAccount%2525252525252525252525252525252525252525252525252FLogin%2525252525252525252525252525252525252525252525253FReturnUrl%2525252525252525252525252525252525252525252525253D%252525252525252525252525252525252525252525252525252FAccount%252525252525252525252525252525252525252525252525252FLogin%252525252525252525252525252525252525252525252525253FReturnUrl%252525252525252525252525252525252525252525252525253D%25252525252525252525252525252525252525252525252525252FAccount%25252525252525252525252525252525252525252525252525252FLogin%25252525252525252525252525252525252525252525252525253FReturnUrl%25252525252525252525252525252525252525252525252525253D%2525252525252525252525252525252525252525252525252525252FAccount%2525252525252525252525252525252525252525252525252525252FLogin%2525252525252525252525252525252525252525252525252525253FReturnUrl%2525252525252525252525252525252525252525252525252525253D%252525252525252525252525252525252525252525252525252525252FAccount%252525252525252525252525252525252525252525252525252525252FLogin%252525252525252525252525252525252525252525252525252525253FReturnUrl%252525252525252525252525252525252525252525252525252525253D%25252525252525252525252525252525252525252525252525252525252FAccount%25252525252525252525252525252525252525252525252525252525252FLogin%25252525252525252525252525252525252525252525252525252525253FReturnUrl%25252525252525252525252525252525252525252525252525252525253D%2525252525252525252525252525252525252525252525252525252525252FAccount%2525252525252525252525252525252525252525252525252525252525252FLogin%2525252525252525252525252525252525252525252525252525252525253FReturnUrl%2525252525252525252525252525252525252525252525252525252525253D%252525252525252525252525252525252525252525252525252525252525252FAccount%252525252525252525252525252525252525252525252525252525252525252FLogin%252525252525252525252525252525252525252525252525252525252525253FReturnUrl%252525252525252525252525252525252525252525252525252525252525253D%25252525252525252525252525252525252525252525252525252525252525252FAccount%25252525252525252525252525252525252525252525252525252525252525252FLogin%25252525252525252525252525252525252525252525252525252525252525253FReturnUrl%25252525252525252525252525252525252525252525252525252525252525253D%2525252525252525252525252525252525252525252525252525252525252525252FAccount%2525252525252525252525252525252525252525252525252525252525252525252FLogin%2525252525252525252525252525252525252525252525252525252525252525253FReturnUrl%2525252525252525252525252525252525252525252525252525252525252525253D%252525252525252525252525252525252525252525252525252525252525252525252FAccount%252525252525252525252525252525252525252525252525252525252525252525252FLogin%252525252525252525252525252525252525252525252525252525252525252525253FReturnUrl%252525252525252525252525252525252525252525252525252525252525252525253D%25252525252525252525252525252525252525252525252525252525252525252525252FAccount%25252525252525252525252525252525252525252525252525252525252525252525252FLogin%25252525252525252525252525252525252525252525252525252525252525252525253FReturnUrl%25252525252525252525252525252525252525252525252525252525252525252525253D%2525252525252525252525252525252525252525252525252525252525252525252525252FAccount%2525252525252525252525252525252525252525252525252525252525252525252525252FLogin%2525252525252525252525252525252525252525252525252525252525252525252525253FReturnUrl%2525252525252525252525252525252525252525252525252525252525252525252525253D%252525252525252525252525252525252525252525252525252525252525252525252525252FAccount%252525252525252525252525252525252525252525252525252525252525252525252525252FLogin%252525252525252525252525252525252525252525252525252525252525252525252525253FReturnUrl%252525252525252525252525252525252525252525252525252525252525252525252525253D%25252525252525252525252525252525252525252525252525252525252525252525252525252FAccount%25252525252525252525252525252525252525252525252525252525252525252525252525252FLogin%25252525252525252525252525252525252525252525252525252525252525252525252525253FReturnUrl%25252525252525252525252525252525252525252525252525252525252525252525252525253D%2525252525252525252525252525252525252525252525252525252525252525252525252525252FAccount%2525252525252525252525252525252525252525252525252525252525252525252525252525252FLogin%2525252525252525252525252525252525252525252525252525252525252525252525252525253FReturnUrl%2525252525252525252525252525252525252525252525252525252525252525252525252525253D%252525252525252525252525252525252525252525252525252525252525252525252525252525252FAccount%252525252525252525252525252525252525252525252525252525252525252525252525252525252FLogin%252525252525252525252525252525252525252525252525252525252525252525252525252525253FReturnUrl%252525252525252525252525252525252525252525252525252525252525252525252525252525253D%25252525252525252525252525252525252525252525252525252525252525252525252525252525252F - 302 0 null 8.4196ms
